datetime,open,high,low,close,volume
2026-03-10T19:00:00+00:00,1.3564200000000008,1.3570900000000008,1.354770000000001,1.355390000000001,23488
2026-03-10T20:00:00+00:00,1.355390000000001,1.355820000000001,1.354810000000001,1.3553000000000008,7612
2026-03-10T21:00:00+00:00,1.3553000000000008,1.3553200000000007,1.3543700000000007,1.3546100000000008,5643.407251736267
2026-03-10T22:00:00+00:00,1.3546100000000008,1.355310000000001,1.3544400000000008,1.3547500000000008,1955
2026-03-10T23:00:00+00:00,1.3547500000000008,1.3555000000000008,1.3546900000000008,1.355420000000001,3649
2026-03-11T00:00:00+00:00,1.355420000000001,1.3571600000000008,1.354910000000001,1.3565100000000008,10944
2026-03-11T01:00:00+00:00,1.3565100000000008,1.3582900000000009,1.356060000000001,1.357990000000001,10010
2026-03-11T02:00:00+00:00,1.357990000000001,1.358400000000001,1.3570500000000008,1.358090000000001,7010
2026-03-11T03:00:00+00:00,1.358090000000001,1.3587500000000008,1.357750000000001,1.358630000000001,6150
2026-03-11T04:00:00+00:00,1.358630000000001,1.3591900000000008,1.3582500000000008,1.3588500000000008,5352
2026-03-11T05:00:00+00:00,1.3588500000000008,1.359080000000001,1.3580400000000008,1.3582900000000009,6376
2026-03-11T06:00:00+00:00,1.3582900000000009,1.3590200000000008,1.3577300000000008,1.3583100000000008,8700
2026-03-11T07:00:00+00:00,1.3583100000000008,1.3586200000000008,1.3563400000000008,1.3569200000000008,16845
2026-03-11T08:00:00+00:00,1.3569200000000008,1.3570500000000008,1.3541900000000007,1.3558500000000007,17358
2026-03-11T09:00:00+00:00,1.3558500000000007,1.3561200000000007,1.3533900000000008,1.3547600000000006,19375
2026-03-11T10:00:00+00:00,1.3547600000000006,1.3578600000000007,1.3544400000000008,1.3578100000000006,14229
2026-03-11T11:00:00+00:00,1.3578100000000006,1.3581300000000007,1.3555300000000008,1.3559600000000007,15822
2026-03-11T12:00:00+00:00,1.3559600000000007,1.3565700000000007,1.3526500000000008,1.3531000000000006,23476
2026-03-11T13:00:00+00:00,1.3531000000000006,1.3554500000000007,1.3529400000000007,1.3550200000000008,24877
2026-03-11T14:00:00+00:00,1.3550200000000008,1.3575100000000007,1.3547400000000007,1.3555300000000008,39748
2026-03-11T15:00:00+00:00,1.3555300000000008,1.3559000000000008,1.3525200000000006,1.3529500000000008,19484
2026-03-11T16:00:00+00:00,1.3529500000000008,1.3545500000000008,1.3526300000000007,1.3542100000000008,17000
2026-03-11T17:00:00+00:00,1.3542100000000008,1.3549600000000006,1.3530800000000007,1.3541900000000007,17013
2026-03-11T18:00:00+00:00,1.3541900000000007,1.3550100000000007,1.3533200000000007,1.3547400000000007,12036
2026-03-11T19:00:00+00:00,1.3547400000000007,1.3554000000000006,1.3542500000000006,1.3550300000000006,7228
2026-03-11T20:00:00+00:00,1.3550300000000006,1.3550300000000006,1.3541800000000006,1.3542600000000007,4136
2026-03-11T21:00:00+00:00,1.3542600000000007,1.3543600000000007,1.3538100000000008,1.3539300000000007,1421.716356194069
2026-03-11T22:00:00+00:00,1.3539300000000007,1.3543200000000009,1.3520600000000007,1.3521200000000009,4377
2026-03-11T23:00:00+00:00,1.3521200000000009,1.3525500000000008,1.3508300000000009,1.3514100000000007,6804
2026-03-12T00:00:00+00:00,1.3514100000000007,1.3524500000000008,1.3501600000000007,1.3514400000000009,10264
2026-03-12T01:00:00+00:00,1.3514400000000009,1.3529000000000007,1.3513000000000008,1.3520300000000007,8703
2026-03-12T02:00:00+00:00,1.3520300000000007,1.3525500000000008,1.3497200000000007,1.3502500000000008,7764
2026-03-12T03:00:00+00:00,1.3502500000000008,1.3505600000000009,1.3498100000000008,1.3503800000000008,6303
2026-03-12T04:00:00+00:00,1.3503800000000008,1.3504900000000009,1.3493200000000007,1.3494900000000007,4887
2026-03-12T05:00:00+00:00,1.3494900000000007,1.3507900000000008,1.3493600000000008,1.3500200000000007,9054
2026-03-12T06:00:00+00:00,1.3500200000000007,1.3514000000000008,1.3496300000000008,1.3512900000000008,10112
2026-03-12T07:00:00+00:00,1.3512900000000008,1.3524300000000007,1.3509300000000009,1.3524200000000008,10837
2026-03-12T08:00:00+00:00,1.3524200000000008,1.3529500000000008,1.3502300000000007,1.3510800000000007,12963
2026-03-12T09:00:00+00:00,1.3510800000000007,1.3527700000000007,1.3505400000000007,1.3525100000000008,12730
2026-03-12T10:00:00+00:00,1.3525100000000008,1.3528400000000007,1.3514100000000007,1.3524300000000007,10885
2026-03-12T11:00:00+00:00,1.3524300000000007,1.3541700000000008,1.3521700000000008,1.3529600000000008,11432
2026-03-12T12:00:00+00:00,1.3529600000000008,1.3530700000000007,1.3500000000000008,1.3510000000000009,15184
2026-03-12T13:00:00+00:00,1.3510000000000009,1.3523600000000007,1.3494500000000007,1.3500600000000007,27658
2026-03-12T14:00:00+00:00,1.3500600000000007,1.3506500000000008,1.3482200000000009,1.3488600000000008,28512
2026-03-12T15:00:00+00:00,1.3488600000000008,1.3493000000000008,1.3471100000000007,1.3480300000000007,29979
2026-03-12T16:00:00+00:00,1.3480300000000007,1.3497600000000007,1.3470100000000007,1.3480000000000008,25544
2026-03-12T17:00:00+00:00,1.3480000000000008,1.3493500000000007,1.3479700000000008,1.3488200000000008,19226
2026-03-12T18:00:00+00:00,1.3488200000000008,1.3491500000000007,1.3473400000000009,1.3474500000000007,12779
2026-03-12T19:00:00+00:00,1.3474500000000007,1.3481600000000007,1.3472000000000008,1.3479900000000007,10768
2026-03-12T20:00:00+00:00,1.3479900000000007,1.3483600000000007,1.3473100000000007,1.3474200000000007,7680
2026-03-12T21:00:00+00:00,1.3474200000000007,1.3477200000000007,1.3460800000000008,1.3471100000000007,4901
2026-03-12T22:00:00+00:00,1.3471100000000007,1.3483000000000007,1.3471100000000007,1.3481300000000007,2604.321261049973
2026-03-12T23:00:00+00:00,1.3481300000000007,1.3486400000000007,1.3477500000000007,1.3483500000000008,4277
2026-03-13T00:00:00+00:00,1.3483500000000008,1.3496800000000007,1.3482400000000008,1.3495200000000007,8385
2026-03-13T01:00:00+00:00,1.3495200000000007,1.3501400000000008,1.3486400000000007,1.3487800000000008,6669
2026-03-13T02:00:00+00:00,1.3487800000000008,1.3493700000000008,1.3478400000000008,1.3484100000000008,5953
2026-03-13T03:00:00+00:00,1.3484100000000008,1.3485500000000008,1.3471500000000007,1.3478300000000007,5900
2026-03-13T04:00:00+00:00,1.3478300000000007,1.3478300000000007,1.3461600000000007,1.3463500000000008,4881
2026-03-13T05:00:00+00:00,1.3463500000000008,1.3469300000000008,1.3460400000000008,1.3464300000000007,5692
2026-03-13T06:00:00+00:00,1.3464300000000007,1.3466000000000007,1.3447400000000007,1.3447600000000008,9652
2026-03-13T07:00:00+00:00,1.3447600000000008,1.3447600000000008,1.3406100000000007,1.3411600000000008,18004
2026-03-13T08:00:00+00:00,1.3411600000000008,1.3412500000000007,1.3387300000000009,1.3392600000000008,19730
2026-03-13T09:00:00+00:00,1.3392600000000008,1.3412000000000008,1.3390400000000007,1.3394200000000007,17259
2026-03-13T10:00:00+00:00,1.3394200000000007,1.3406800000000008,1.3384000000000007,1.3392000000000008,14314
2026-03-13T11:00:00+00:00,1.3392000000000008,1.3399500000000009,1.3377500000000007,1.3386900000000008,17624
2026-03-13T12:00:00+00:00,1.3386900000000008,1.3417500000000007,1.3382400000000008,1.3403300000000007,20777
2026-03-13T13:00:00+00:00,1.3403300000000007,1.3421300000000007,1.3395700000000008,1.3411900000000008,22256
2026-03-13T14:00:00+00:00,1.3411900000000008,1.3416200000000007,1.3386000000000007,1.3387100000000007,25171
2026-03-13T15:00:00+00:00,1.3387100000000007,1.3393300000000008,1.3362300000000007,1.3370500000000007,25272
2026-03-13T16:00:00+00:00,1.3370500000000007,1.3380000000000007,1.3364000000000007,1.3375900000000007,22160
2026-03-13T17:00:00+00:00,1.3375900000000007,1.3384800000000008,1.3369900000000008,1.3378200000000007,17156
2026-03-13T18:00:00+00:00,1.3378200000000007,1.3381700000000007,1.3367300000000009,1.3375200000000007,11955
2026-03-13T19:00:00+00:00,1.3375200000000007,1.3376200000000007,1.3356800000000009,1.3359100000000008,9049
2026-03-13T20:00:00+00:00,1.3359100000000008,1.3360700000000008,1.3344800000000008,1.3345700000000007,6871
2026-03-15T21:00:00+00:00,1.3345700000000007,1.3345700000000007,1.3311400000000009,1.3324600000000009,2174.4276079867336
2026-03-15T22:00:00+00:00,1.3324600000000009,1.3332000000000008,1.3316000000000008,1.3329500000000007,8329
2026-03-15T23:00:00+00:00,1.3329500000000007,1.333930000000001,1.332540000000001,1.3337400000000008,8306
2026-03-16T00:00:00+00:00,1.3337400000000008,1.335550000000001,1.3337400000000008,1.335420000000001,11551
2026-03-16T01:00:00+00:00,1.335420000000001,1.3357100000000008,1.3338400000000008,1.335040000000001,10692
2026-03-16T02:00:00+00:00,1.335040000000001,1.3351300000000008,1.3343800000000008,1.3344600000000009,8201
2026-03-16T03:00:00+00:00,1.3344600000000009,1.3356000000000008,1.334260000000001,1.3352600000000008,6130
2026-03-16T04:00:00+00:00,1.3352600000000008,1.335380000000001,1.3341900000000009,1.3342200000000008,5087
2026-03-16T05:00:00+00:00,1.3342200000000008,1.334640000000001,1.334030000000001,1.3341700000000007,5540
2026-03-16T06:00:00+00:00,1.3341700000000007,1.3347500000000008,1.3332200000000007,1.334160000000001,7052
2026-03-16T07:00:00+00:00,1.334160000000001,1.334470000000001,1.3321400000000008,1.3334800000000009,12046
2026-03-16T08:00:00+00:00,1.3334800000000009,1.3345800000000008,1.3325600000000009,1.334300000000001,17260
2026-03-16T09:00:00+00:00,1.334300000000001,1.3347300000000009,1.3332300000000008,1.3338800000000008,13536
2026-03-16T10:00:00+00:00,1.3338800000000008,1.3364200000000008,1.3337400000000008,1.336330000000001,14718
2026-03-16T11:00:00+00:00,1.336330000000001,1.337480000000001,1.335790000000001,1.337040000000001,11252
2026-03-16T12:00:00+00:00,1.337040000000001,1.3381100000000008,1.3367800000000007,1.3369000000000009,14197
2026-03-16T13:00:00+00:00,1.3369000000000009,1.340090000000001,1.3369000000000009,1.3398700000000008,15919
2026-03-16T14:00:00+00:00,1.3398700000000008,1.3404800000000008,1.338430000000001,1.3388300000000009,17504
2026-03-16T15:00:00+00:00,1.3388300000000009,1.3408300000000009,1.3386200000000008,1.3393300000000008,16040
2026-03-16T16:00:00+00:00,1.3393300000000008,1.3400500000000009,1.337990000000001,1.339450000000001,17774
2026-03-16T17:00:00+00:00,1.339450000000001,1.340840000000001,1.3391200000000008,1.3393300000000008,15233
2026-03-16T18:00:00+00:00,1.3393300000000008,1.3428600000000008,1.3393300000000008,1.3423500000000008,13078
2026-03-16T19:00:00+00:00,1.3423500000000008,1.3430900000000008,1.341480000000001,1.3417400000000008,13011
2026-03-16T20:00:00+00:00,1.3417400000000008,1.3419400000000008,1.3408800000000007,1.3410600000000008,5820
2026-03-16T21:00:00+00:00,1.3410600000000008,1.3410700000000009,1.3403700000000005,1.3406000000000005,1621.9542846701474
2026-03-16T22:00:00+00:00,1.3406000000000005,1.3410200000000005,1.3402800000000006,1.3403500000000006,2645
2026-03-16T23:00:00+00:00,1.3403500000000006,1.3405300000000004,1.3398500000000004,1.3402900000000004,3360
2026-03-17T00:00:00+00:00,1.3402900000000004,1.3403100000000006,1.3390500000000005,1.3393300000000006,7775
2026-03-17T01:00:00+00:00,1.3393300000000006,1.3398600000000005,1.3385900000000006,1.3397000000000006,9258
2026-03-17T02:00:00+00:00,1.3397000000000006,1.3399900000000005,1.3394600000000005,1.3396600000000005,4369
2026-03-17T03:00:00+00:00,1.3396600000000005,1.3405200000000006,1.3392000000000006,1.3392800000000005,8253
2026-03-17T04:00:00+00:00,1.3392800000000005,1.3405800000000005,1.3390600000000006,1.3401900000000004,4912
2026-03-17T05:00:00+00:00,1.3401900000000004,1.3405400000000005,1.3376900000000005,1.3377700000000006,6357
2026-03-17T06:00:00+00:00,1.3377700000000006,1.3380700000000005,1.3363900000000004,1.3380700000000005,10426
2026-03-17T07:00:00+00:00,1.3380700000000005,1.3405700000000005,1.3377900000000005,1.3395800000000004,13329
2026-03-17T08:00:00+00:00,1.3395800000000004,1.3421800000000006,1.3389700000000004,1.3419300000000005,18449
2026-03-17T09:00:00+00:00,1.3419300000000005,1.3429300000000004,1.3414500000000005,1.3425700000000005,12851
2026-03-17T10:00:00+00:00,1.3425700000000005,1.3428600000000006,1.3413400000000004,1.3414800000000004,11246
2026-03-17T11:00:00+00:00,1.3414800000000004,1.3430000000000004,1.3405800000000005,1.3408000000000004,12112
2026-03-17T12:00:00+00:00,1.3408000000000004,1.3425900000000006,1.3402000000000005,1.3423000000000005,13184
2026-03-17T13:00:00+00:00,1.3423000000000005,1.3449600000000006,1.3423000000000005,1.3436100000000006,21963
2026-03-17T14:00:00+00:00,1.3436100000000006,1.3447000000000007,1.3428600000000006,1.3437500000000007,16869
2026-03-17T15:00:00+00:00,1.3437500000000007,1.3446100000000005,1.3425300000000007,1.3432200000000005,18523
2026-03-17T16:00:00+00:00,1.3432200000000005,1.3438300000000005,1.3422600000000007,1.3436700000000006,16090
2026-03-17T17:00:00+00:00,1.3436700000000006,1.3448500000000005,1.3433800000000007,1.3448500000000005,9735
2026-03-17T18:00:00+00:00,1.3448500000000005,1.3453800000000007,1.3445300000000007,1.3445600000000006,7948
2026-03-17T19:00:00+00:00,1.3445600000000006,1.3453600000000006,1.3441100000000006,1.3443200000000006,6197
2026-03-17T20:00:00+00:00,1.3443200000000006,1.3447600000000006,1.3441100000000006,1.3443900000000006,4648
2026-03-17T21:00:00+00:00,1.3443900000000006,1.3447800000000005,1.3435300000000006,1.3443300000000005,1277.7997647244001
2026-03-17T22:00:00+00:00,1.3443300000000005,1.3451200000000005,1.3443300000000005,1.3448300000000006,3578
2026-03-17T23:00:00+00:00,1.3448300000000006,1.3449200000000006,1.3445500000000006,1.3446500000000006,4133
2026-03-18T00:00:00+00:00,1.3446500000000006,1.3452600000000006,1.3439100000000006,1.3440100000000006,21067
2026-03-18T01:00:00+00:00,1.3440100000000006,1.3450100000000007,1.3439000000000005,1.3441900000000007,5962
2026-03-18T02:00:00+00:00,1.3441900000000007,1.3445300000000007,1.3438400000000006,1.3441300000000007,5014
2026-03-18T03:00:00+00:00,1.3441300000000007,1.3447300000000006,1.3439400000000006,1.3447000000000007,3936
2026-03-18T04:00:00+00:00,1.3447000000000007,1.3453400000000006,1.3446500000000006,1.3452000000000006,4119
2026-03-18T05:00:00+00:00,1.3452000000000006,1.3460500000000006,1.3452000000000006,1.3460300000000007,4716
2026-03-18T06:00:00+00:00,1.3460300000000007,1.3462700000000005,1.3450700000000007,1.3452900000000005,5436
2026-03-18T07:00:00+00:00,1.3452900000000005,1.3456900000000007,1.3436300000000005,1.3443200000000006,7089
2026-03-18T08:00:00+00:00,1.3443200000000006,1.3449700000000007,1.3429800000000007,1.3438500000000007,9006
2026-03-18T09:00:00+00:00,1.3438500000000007,1.3448600000000006,1.3431100000000007,1.3448400000000007,7780
2026-03-18T10:00:00+00:00,1.3448400000000007,1.3451700000000006,1.3437300000000005,1.3443600000000007,6523
2026-03-18T11:00:00+00:00,1.3443600000000007,1.3459600000000007,1.3434400000000006,1.3448100000000007,15762
2026-03-18T12:00:00+00:00,1.3448100000000007,1.3451200000000005,1.3400900000000007,1.3402900000000006,25333
2026-03-18T13:00:00+00:00,1.3402900000000006,1.3414900000000005,1.3392600000000006,1.3414100000000007,24549
2026-03-18T14:00:00+00:00,1.3414100000000007,1.3424100000000005,1.3391100000000007,1.3414400000000006,21770
2026-03-18T15:00:00+00:00,1.3414400000000006,1.3425700000000007,1.3406600000000006,1.3410700000000007,18428
2026-03-18T16:00:00+00:00,1.3410700000000007,1.3424700000000007,1.3408400000000007,1.3423700000000007,13752
2026-03-18T17:00:00+00:00,1.3423700000000007,1.3432800000000007,1.3411400000000007,1.3428500000000005,13312
2026-03-18T18:00:00+00:00,1.3428500000000005,1.3438600000000007,1.3377600000000007,1.3377700000000006,27193
2026-03-18T19:00:00+00:00,1.3377700000000006,1.3383600000000007,1.3362300000000007,1.3365300000000007,18148
2026-03-18T20:00:00+00:00,1.3365300000000007,1.3367700000000007,1.3340700000000005,1.3344800000000006,11202
2026-03-18T21:00:00+00:00,1.3344800000000006,1.3355800000000007,1.3339800000000006,1.3354800000000007,1210.0355948280167
2026-03-18T22:00:00+00:00,1.3354800000000007,1.3355600000000005,1.3339500000000006,1.3347000000000007,3177
2026-03-18T23:00:00+00:00,1.3347000000000007,1.3355700000000006,1.3345200000000006,1.3352500000000007,5796
2026-03-19T00:00:00+00:00,1.3352500000000007,1.3373800000000007,1.3351600000000006,1.3373800000000007,9808
2026-03-19T01:00:00+00:00,1.3373800000000007,1.3381000000000007,1.3370700000000006,1.3371900000000005,7209
2026-03-19T02:00:00+00:00,1.3371900000000005,1.3386300000000007,1.3366100000000005,1.3375400000000006,10251
2026-03-19T03:00:00+00:00,1.3375400000000006,1.3379600000000007,1.3370100000000007,1.3370100000000007,5330
2026-03-19T04:00:00+00:00,1.3370100000000007,1.3370100000000007,1.3356700000000006,1.3360900000000007,6034
2026-03-19T05:00:00+00:00,1.3360900000000007,1.3361900000000007,1.3351300000000006,1.3352100000000007,6055
2026-03-19T06:00:00+00:00,1.3352100000000007,1.3365200000000006,1.3349900000000006,1.3354800000000007,10647
2026-03-19T07:00:00+00:00,1.3354800000000007,1.3362000000000007,1.3340300000000007,1.3352000000000006,18943
2026-03-19T08:00:00+00:00,1.3352000000000006,1.3357700000000006,1.3334200000000007,1.3341500000000006,18774
2026-03-19T09:00:00+00:00,1.3341500000000006,1.3379600000000007,1.3341500000000006,1.3373300000000006,29605
2026-03-19T10:00:00+00:00,1.3373300000000006,1.3377100000000006,1.3360000000000005,1.3367400000000007,16631
2026-03-19T11:00:00+00:00,1.3367400000000007,1.3381800000000006,1.3360300000000007,1.3379100000000006,14055
2026-03-19T12:00:00+00:00,1.3379100000000006,1.3398000000000005,1.3367500000000005,1.3387500000000006,37460
2026-03-19T13:00:00+00:00,1.3387500000000006,1.3446500000000006,1.3369800000000007,1.3437700000000006,48718
2026-03-19T14:00:00+00:00,1.3437700000000006,1.3462600000000007,1.3426100000000005,1.3452800000000007,42353
2026-03-19T15:00:00+00:00,1.3452800000000007,1.3477700000000006,1.3432700000000006,1.3447200000000006,30274
2026-03-19T16:00:00+00:00,1.3447200000000006,1.3464800000000006,1.3441900000000007,1.3457400000000006,30557
2026-03-19T17:00:00+00:00,1.3457400000000006,1.3498600000000007,1.3457100000000006,1.3492100000000007,18079
2026-03-19T18:00:00+00:00,1.3492100000000007,1.3508200000000006,1.3482600000000007,1.3507200000000006,15603
2026-03-19T19:00:00+00:00,1.3507200000000006,1.3555400000000006,1.3507200000000006,1.3518900000000007,46732
2026-03-19T20:00:00+00:00,1.3518900000000007,1.3524300000000007,1.3514500000000007,1.3518300000000005,6571
2026-03-19T21:00:00+00:00,1.3518300000000005,1.3524000000000007,1.350370000000001,1.350870000000001,1638.293828319118
2026-03-19T22:00:00+00:00,1.350870000000001,1.352890000000001,1.350870000000001,1.351270000000001,2906
2026-03-19T23:00:00+00:00,1.351270000000001,1.351740000000001,1.350740000000001,1.351100000000001,5115
2026-03-20T00:00:00+00:00,1.351100000000001,1.351500000000001,1.350490000000001,1.351080000000001,7719
2026-03-20T01:00:00+00:00,1.351080000000001,1.3516100000000009,1.349990000000001,1.350280000000001,10623
2026-03-20T02:00:00+00:00,1.350280000000001,1.350490000000001,1.349660000000001,1.349860000000001,5866
2026-03-20T03:00:00+00:00,1.349860000000001,1.349870000000001,1.349040000000001,1.349050000000001,4969
2026-03-20T04:00:00+00:00,1.349050000000001,1.3493400000000009,1.348860000000001,1.348970000000001,3392
2026-03-20T05:00:00+00:00,1.348970000000001,1.349630000000001,1.348590000000001,1.348680000000001,4347
2026-03-20T06:00:00+00:00,1.348680000000001,1.349880000000001,1.348660000000001,1.348980000000001,5455
2026-03-20T07:00:00+00:00,1.348980000000001,1.351800000000001,1.348520000000001,1.351360000000001,13431
2026-03-20T08:00:00+00:00,1.351360000000001,1.352340000000001,1.3503900000000009,1.350420000000001,14282
2026-03-20T09:00:00+00:00,1.350420000000001,1.350490000000001,1.346790000000001,1.346910000000001,16476
2026-03-20T10:00:00+00:00,1.346910000000001,1.347050000000001,1.345010000000001,1.346590000000001,16244
2026-03-20T11:00:00+00:00,1.346590000000001,1.348640000000001,1.346240000000001,1.348110000000001,12077
2026-03-20T12:00:00+00:00,1.348110000000001,1.349650000000001,1.3463900000000009,1.346780000000001,19118
2026-03-20T13:00:00+00:00,1.346780000000001,1.346940000000001,1.343460000000001,1.343790000000001,27011
2026-03-20T14:00:00+00:00,1.343790000000001,1.343870000000001,1.339250000000001,1.339480000000001,30283
2026-03-20T15:00:00+00:00,1.339480000000001,1.343690000000001,1.338550000000001,1.338840000000001,29230
2026-03-20T16:00:00+00:00,1.338840000000001,1.341960000000001,1.338790000000001,1.341000000000001,17263
2026-03-20T17:00:00+00:00,1.341000000000001,1.343000000000001,1.340300000000001,1.342350000000001,19833
2026-03-20T18:00:00+00:00,1.342350000000001,1.344000000000001,1.341170000000001,1.341320000000001,21768
2026-03-20T19:00:00+00:00,1.341320000000001,1.343190000000001,1.340660000000001,1.342050000000001,13185
2026-03-20T20:00:00+00:00,1.342050000000001,1.343060000000001,1.341920000000001,1.3426300000000009,8941
2026-03-22T21:00:00+00:00,1.3426300000000009,1.3430500000000007,1.3411500000000007,1.3413400000000006,1217.5192478591641
2026-03-22T22:00:00+00:00,1.3413400000000006,1.3441900000000007,1.3413400000000006,1.3438500000000007,4349
2026-03-22T23:00:00+00:00,1.3438500000000007,1.3450200000000008,1.3436500000000007,1.3449100000000007,8318
2026-03-23T00:00:00+00:00,1.3449100000000007,1.3454000000000008,1.3424500000000008,1.3435000000000008,15400
2026-03-23T01:00:00+00:00,1.3435000000000008,1.3458300000000007,1.3434600000000008,1.3447600000000006,18791
2026-03-23T02:00:00+00:00,1.3447600000000006,1.3455000000000008,1.3427900000000008,1.3434000000000008,14810
2026-03-23T03:00:00+00:00,1.3434000000000008,1.3438600000000007,1.3428000000000007,1.3429600000000008,9535
2026-03-23T04:00:00+00:00,1.3429600000000008,1.3439800000000008,1.3429600000000008,1.3438800000000006,7734
2026-03-23T05:00:00+00:00,1.3438800000000006,1.3441900000000007,1.3416200000000007,1.3416200000000007,9704
2026-03-23T06:00:00+00:00,1.3416200000000007,1.3416900000000007,1.3396500000000007,1.3404800000000008,16331
2026-03-23T07:00:00+00:00,1.3404800000000008,1.3421900000000007,1.3396600000000007,1.3404800000000008,20602
2026-03-23T08:00:00+00:00,1.3404800000000008,1.3446000000000007,1.3404500000000008,1.3423700000000007,27972
2026-03-23T09:00:00+00:00,1.3423700000000007,1.3427100000000007,1.3378600000000007,1.3384500000000008,19857
2026-03-23T10:00:00+00:00,1.3384500000000008,1.3395200000000007,1.3371800000000007,1.3377700000000008,22791
2026-03-23T11:00:00+00:00,1.3377700000000008,1.3548700000000007,1.3375500000000007,1.3471400000000007,89283
2026-03-23T12:00:00+00:00,1.3471400000000007,1.3546200000000008,1.3457700000000008,1.3544100000000008,65136
2026-03-23T13:00:00+00:00,1.3544100000000008,1.3548900000000008,1.3503200000000006,1.3529100000000007,50461
2026-03-23T14:00:00+00:00,1.3529100000000007,1.3594200000000007,1.3523800000000008,1.3557600000000007,48316
2026-03-23T15:00:00+00:00,1.3557600000000007,1.3575700000000008,1.3498900000000007,1.3499700000000008,44112
2026-03-23T16:00:00+00:00,1.3499700000000008,1.3530300000000006,1.3492500000000007,1.3515700000000008,36452
2026-03-23T17:00:00+00:00,1.3515700000000008,1.3545400000000007,1.3509200000000008,1.3538900000000007,28330
2026-03-23T18:00:00+00:00,1.3538900000000007,1.3573000000000008,1.3525800000000008,1.3569400000000007,24797
2026-03-23T19:00:00+00:00,1.3569400000000007,1.3570000000000007,1.3546200000000008,1.3546300000000007,15578
2026-03-23T20:00:00+00:00,1.3546300000000007,1.3548300000000006,1.3538100000000006,1.3538500000000007,6325
2026-03-23T21:00:00+00:00,1.3538500000000007,1.3551600000000008,1.3535700000000006,1.3546400000000007,1577.028751481165
2026-03-23T22:00:00+00:00,1.3546400000000007,1.3556500000000007,1.3545600000000007,1.3552700000000006,3565
2026-03-23T23:00:00+00:00,1.3552700000000006,1.3555100000000007,1.3542800000000008,1.3545800000000008,6166
2026-03-24T00:00:00+00:00,1.3545800000000008,1.3546800000000008,1.3513700000000006,1.3521100000000008,20301
2026-03-24T01:00:00+00:00,1.3521100000000008,1.3523900000000006,1.3506900000000006,1.3514500000000007,17043
2026-03-24T02:00:00+00:00,1.3514500000000007,1.3528800000000007,1.3510500000000008,1.3521300000000007,12826
2026-03-24T03:00:00+00:00,1.3521300000000007,1.3527600000000006,1.3516400000000006,1.3518600000000007,8856
2026-03-24T04:00:00+00:00,1.3518600000000007,1.3519800000000006,1.3506500000000008,1.3514400000000006,7337
2026-03-24T05:00:00+00:00,1.3514400000000006,1.3521700000000008,1.3506000000000007,1.3518800000000006,11420
2026-03-24T06:00:00+00:00,1.3518800000000006,1.3535100000000007,1.3516600000000007,1.3532000000000006,14611
2026-03-24T07:00:00+00:00,1.3532000000000006,1.3565700000000007,1.3529700000000007,1.3550900000000008,27387
2026-03-24T08:00:00+00:00,1.3550900000000008,1.3550900000000008,1.3506000000000007,1.3510400000000007,23729
2026-03-24T09:00:00+00:00,1.3510400000000007,1.3524700000000007,1.3500000000000008,1.3522800000000008,15630
2026-03-24T10:00:00+00:00,1.3522800000000008,1.3528100000000007,1.3513400000000007,1.3525800000000008,13242
2026-03-24T11:00:00+00:00,1.3525800000000008,1.3535400000000006,1.3506200000000008,1.3517200000000007,16055
2026-03-24T12:00:00+00:00,1.3517200000000007,1.3524900000000006,1.3509300000000006,1.3512900000000008,20164
2026-03-24T13:00:00+00:00,1.3512900000000008,1.3514200000000007,1.3485400000000007,1.3497200000000007,27034
2026-03-24T14:00:00+00:00,1.3497200000000007,1.3545300000000007,1.3496700000000008,1.3519200000000007,31126
2026-03-24T15:00:00+00:00,1.3519200000000007,1.3527300000000007,1.3497200000000007,1.3501400000000008,28328
2026-03-24T16:00:00+00:00,1.3501400000000008,1.3514600000000008,1.3493800000000007,1.3503400000000008,16590
2026-03-24T17:00:00+00:00,1.3503400000000008,1.3505000000000007,1.3472600000000008,1.3498100000000006,29874
2026-03-24T18:00:00+00:00,1.3498100000000006,1.3515400000000006,1.3484700000000007,1.3503800000000008,22049
2026-03-24T19:00:00+00:00,1.3503800000000008,1.3513100000000007,1.3500100000000008,1.3503100000000008,12194
2026-03-24T20:00:00+00:00,1.3503100000000008,1.3552100000000007,1.3500500000000006,1.3531400000000007,25978
2026-03-24T21:00:00+00:00,1.3531400000000007,1.3532300000000006,1.3520700000000008,1.3529700000000007,4806.669003066774
2026-03-24T22:00:00+00:00,1.3529700000000007,1.3537900000000007,1.3523100000000008,1.3536900000000007,6175
2026-03-24T23:00:00+00:00,1.3536900000000007,1.3541600000000007,1.3531300000000006,1.3534000000000006,7023
2026-03-25T00:00:00+00:00,1.3534000000000006,1.3554800000000007,1.3531500000000007,1.3547700000000007,14613
2026-03-25T01:00:00+00:00,1.3547700000000007,1.3551800000000007,1.3533000000000006,1.3533700000000006,12608
2026-03-25T02:00:00+00:00,1.3533700000000006,1.3536900000000007,1.3518000000000008,1.3521600000000007,9829
2026-03-25T03:00:00+00:00,1.3521600000000007,1.3525700000000007,1.3516500000000007,1.3517600000000007,7107
2026-03-25T04:00:00+00:00,1.3517600000000007,1.3519000000000008,1.3510400000000007,1.3510900000000008,4805
2026-03-25T05:00:00+00:00,1.3510900000000008,1.3511100000000007,1.3491300000000006,1.3494000000000006,7123
2026-03-25T06:00:00+00:00,1.3494000000000006,1.3507200000000006,1.3492600000000008,1.3501200000000007,9122
2026-03-25T07:00:00+00:00,1.3501200000000007,1.3514600000000008,1.3489300000000006,1.3509500000000008,13853
2026-03-25T08:00:00+00:00,1.3509500000000008,1.3543400000000008,1.3506500000000008,1.3526400000000007,22007
2026-03-25T09:00:00+00:00,1.3526400000000007,1.3531100000000007,1.3508600000000006,1.3515100000000007,11868
2026-03-25T10:00:00+00:00,1.3515100000000007,1.3530100000000007,1.3515100000000007,1.3529000000000007,15373
2026-03-25T11:00:00+00:00,1.3529000000000007,1.3540700000000008,1.3524100000000008,1.3534200000000007,11339
2026-03-25T12:00:00+00:00,1.3534200000000007,1.3546100000000008,1.3508500000000008,1.3512600000000008,24033
2026-03-25T13:00:00+00:00,1.3512600000000008,1.3519800000000006,1.3488300000000006,1.3490800000000007,20414
2026-03-25T14:00:00+00:00,1.3490800000000007,1.3508200000000008,1.3477700000000006,1.3504100000000008,24978
2026-03-25T15:00:00+00:00,1.3504100000000008,1.3510600000000006,1.3480600000000007,1.3490400000000007,23332
2026-03-25T16:00:00+00:00,1.3490400000000007,1.3502400000000008,1.3480500000000006,1.3497700000000006,18050
2026-03-25T17:00:00+00:00,1.3497700000000006,1.3511500000000007,1.3492000000000006,1.3503300000000007,13482
2026-03-25T18:00:00+00:00,1.3503300000000007,1.3504900000000006,1.3478100000000006,1.3485000000000007,11612
2026-03-25T19:00:00+00:00,1.3485000000000007,1.3485600000000006,1.3477700000000006,1.3485300000000007,9517
2026-03-25T20:00:00+00:00,1.3485300000000007,1.3485400000000007,1.3477100000000006,1.3482400000000008,3872
2026-03-25T21:00:00+00:00,1.3482400000000008,1.3485400000000007,1.3477600000000007,1.3478500000000007,3410
2026-03-25T22:00:00+00:00,1.3478500000000007,1.3484300000000007,1.3478200000000007,1.3480800000000006,2387
2026-03-25T23:00:00+00:00,1.3480800000000006,1.3482800000000006,1.3478900000000007,1.3482100000000008,2614
2026-03-26T00:00:00+00:00,1.3482100000000008,1.3485300000000007,1.3473000000000006,1.3477700000000006,6434
2026-03-26T01:00:00+00:00,1.3477700000000006,1.3485800000000008,1.3474800000000007,1.3480900000000007,6384
2026-03-26T02:00:00+00:00,1.3480900000000007,1.3482300000000007,1.3467300000000006,1.3470400000000007,5876
2026-03-26T03:00:00+00:00,1.3470400000000007,1.3485300000000007,1.3469400000000007,1.3483800000000006,5041
2026-03-26T04:00:00+00:00,1.3483800000000006,1.3486500000000008,1.3482100000000008,1.3484300000000007,3259
2026-03-26T05:00:00+00:00,1.3484300000000007,1.3485300000000007,1.3473800000000007,1.3474000000000006,5289
2026-03-26T06:00:00+00:00,1.3474000000000006,1.3486100000000008,1.3470700000000007,1.3483600000000007,9714
2026-03-26T07:00:00+00:00,1.3483600000000007,1.3485100000000008,1.3465500000000006,1.3468900000000006,11474
2026-03-26T08:00:00+00:00,1.3468900000000006,1.3473200000000007,1.3455500000000007,1.3471700000000006,13799
2026-03-26T09:00:00+00:00,1.3471700000000006,1.3478100000000006,1.3462500000000006,1.3472800000000007,12049
2026-03-26T10:00:00+00:00,1.3472800000000007,1.3480400000000008,1.3468900000000006,1.3472500000000007,10742
2026-03-26T11:00:00+00:00,1.3472500000000007,1.3475400000000006,1.3445100000000008,1.3445200000000006,12690
2026-03-26T12:00:00+00:00,1.3445200000000006,1.3456000000000008,1.3440800000000006,1.3449300000000006,17509
2026-03-26T13:00:00+00:00,1.3449300000000006,1.3484200000000006,1.3449300000000006,1.3474300000000008,23527
2026-03-26T14:00:00+00:00,1.3474300000000008,1.3496800000000007,1.3468400000000007,1.3480200000000007,28933
2026-03-26T15:00:00+00:00,1.3480200000000007,1.3486300000000007,1.3456400000000006,1.3469700000000007,25336
2026-03-26T16:00:00+00:00,1.3469700000000007,1.3471800000000007,1.3453200000000007,1.3456300000000008,16622
2026-03-26T17:00:00+00:00,1.3456300000000008,1.3464700000000007,1.3437600000000007,1.3437600000000007,17798
2026-03-26T18:00:00+00:00,1.3437600000000007,1.3447400000000007,1.3436300000000008,1.3447400000000007,14658
2026-03-26T19:00:00+00:00,1.3447400000000007,1.3448300000000006,1.3431800000000007,1.3432300000000006,12347
2026-03-26T20:00:00+00:00,1.3432300000000006,1.3487100000000007,1.3429100000000007,1.3444500000000006,22780
2026-03-26T21:00:00+00:00,1.3444500000000006,1.3452500000000007,1.3440300000000007,1.3448100000000005,2697.1587198270217
2026-03-26T22:00:00+00:00,1.3448100000000005,1.3459100000000006,1.3448100000000005,1.3456400000000006,1977
2026-03-26T23:00:00+00:00,1.3456400000000006,1.3458500000000004,1.3452500000000005,1.3453500000000005,2885
2026-03-27T00:00:00+00:00,1.3453500000000005,1.3458600000000005,1.3441000000000005,1.3452800000000005,12200
2026-03-27T01:00:00+00:00,1.3452800000000005,1.3462800000000006,1.3450900000000006,1.3461800000000006,9106
2026-03-27T02:00:00+00:00,1.3461800000000006,1.3465700000000005,1.3456800000000004,1.3460700000000005,5952
2026-03-27T03:00:00+00:00,1.3460700000000005,1.3463000000000005,1.3453800000000005,1.3459600000000005,7327
2026-03-27T04:00:00+00:00,1.3459600000000005,1.3463600000000004,1.3458000000000006,1.3461800000000006,5496
2026-03-27T05:00:00+00:00,1.3461800000000006,1.3466100000000005,1.3455300000000006,1.3458900000000005,8891
2026-03-27T06:00:00+00:00,1.3458900000000005,1.3464600000000004,1.3451600000000006,1.3453900000000005,8159
2026-03-27T07:00:00+00:00,1.3453900000000005,1.3454500000000005,1.3431100000000005,1.3432500000000005,9423
2026-03-27T08:00:00+00:00,1.3432500000000005,1.3439900000000005,1.3428500000000005,1.3432900000000005,14104
2026-03-27T09:00:00+00:00,1.3432900000000005,1.3435800000000004,1.3421300000000005,1.3425500000000006,12821
2026-03-27T10:00:00+00:00,1.3425500000000006,1.3436800000000004,1.3419500000000004,1.3420900000000004,11825
2026-03-27T11:00:00+00:00,1.3420900000000004,1.3424100000000005,1.3401500000000006,1.3402200000000004,11073
2026-03-27T12:00:00+00:00,1.3402200000000004,1.3405400000000005,1.3391000000000006,1.3401000000000005,14102
2026-03-27T13:00:00+00:00,1.3401000000000005,1.3425400000000005,1.3395400000000006,1.3415700000000006,19532
2026-03-27T14:00:00+00:00,1.3415700000000006,1.3437500000000004,1.3415200000000005,1.3430600000000006,21424
2026-03-27T15:00:00+00:00,1.3430600000000006,1.3451600000000006,1.3406000000000005,1.3410100000000005,26110
2026-03-27T16:00:00+00:00,1.3410100000000005,1.3416900000000005,1.3393000000000006,1.3395700000000006,18095
2026-03-27T17:00:00+00:00,1.3395700000000006,1.3407300000000004,1.3379100000000006,1.3386400000000005,15056
2026-03-27T18:00:00+00:00,1.3386400000000005,1.3395300000000006,1.3382500000000006,1.3389400000000005,12402
2026-03-27T19:00:00+00:00,1.3389400000000005,1.3392200000000005,1.3383000000000005,1.3390900000000006,9486
2026-03-27T20:00:00+00:00,1.3390900000000006,1.3395300000000006,1.32515,1.32515,6599
2026-03-29T21:00:00+00:00,1.32515,1.3264400000000003,1.32515,1.3258000000000003,234.21359433568549
2026-03-29T22:00:00+00:00,1.3258000000000003,1.3260200000000004,1.3236000000000003,1.3238000000000003,10987
2026-03-29T23:00:00+00:00,1.3238000000000003,1.3245600000000004,1.3234100000000004,1.3238000000000003,9035
2026-03-30T00:00:00+00:00,1.3238000000000003,1.3260000000000003,1.3232700000000004,1.3252200000000003,20415
2026-03-30T01:00:00+00:00,1.3252200000000003,1.3257500000000004,1.3247300000000004,1.3250200000000003,14844
2026-03-30T02:00:00+00:00,1.3250200000000003,1.3262700000000003,1.3245400000000003,1.3258200000000004,10631
2026-03-30T03:00:00+00:00,1.3258200000000004,1.3272800000000002,1.3257400000000004,1.3271500000000003,8333
2026-03-30T04:00:00+00:00,1.3271500000000003,1.3277300000000003,1.3268200000000003,1.3268300000000004,5545
2026-03-30T05:00:00+00:00,1.3268300000000004,1.3276900000000003,1.3267600000000004,1.3272700000000004,7034
2026-03-30T06:00:00+00:00,1.3272700000000004,1.3282700000000003,1.3265600000000004,1.3266400000000003,9957
2026-03-30T07:00:00+00:00,1.3266400000000003,1.3267100000000003,1.3241600000000004,1.3245800000000003,11389
2026-03-30T08:00:00+00:00,1.3245800000000003,1.3246500000000003,1.3232800000000002,1.3235000000000003,10528
2026-03-30T09:00:00+00:00,1.3235000000000003,1.3240800000000004,1.3224000000000002,1.3235800000000004,9220
2026-03-30T10:00:00+00:00,1.3235800000000004,1.3244300000000004,1.3228300000000004,1.3229000000000004,9383
2026-03-30T11:00:00+00:00,1.3229000000000004,1.3253700000000004,1.3228400000000002,1.3231200000000003,16561.8983974359
2026-03-30T12:00:00+00:00,1.3231200000000003,1.3237300000000003,1.3220500000000002,1.3228100000000003,13540
2026-03-30T13:00:00+00:00,1.3228100000000003,1.3234200000000003,1.3180800000000004,1.3183900000000002,20731
2026-03-30T14:00:00+00:00,1.3183900000000002,1.3204000000000002,1.3175200000000002,1.3198100000000004,23169
2026-03-30T15:00:00+00:00,1.3198100000000004,1.3199200000000002,1.3173800000000002,1.3189800000000003,18628
2026-03-30T16:00:00+00:00,1.3189800000000003,1.3192300000000003,1.3181700000000003,1.3190600000000003,11877
2026-03-30T17:00:00+00:00,1.3190600000000003,1.3197200000000002,1.3181900000000002,1.3185700000000002,12583
2026-03-30T18:00:00+00:00,1.3185700000000002,1.3194300000000003,1.3183900000000002,1.3185300000000002,9018
2026-03-30T19:00:00+00:00,1.3185300000000002,1.3186600000000004,1.3174200000000003,1.3185300000000002,9422
2026-03-30T20:00:00+00:00,1.3185300000000002,1.3186500000000003,1.3177800000000002,1.3186500000000003,7750
2026-03-30T21:00:00+00:00,1.3186500000000003,1.3192949999999997,1.3176400000000004,1.3188249999999997,2955.2211253300834
2026-03-30T22:00:00+00:00,1.3188249999999997,1.3193249999999996,1.3186149999999996,1.3186549999999997,1442
2026-03-30T23:00:00+00:00,1.3186549999999997,1.3186849999999997,1.3176649999999996,1.3180049999999996,4113
2026-03-31T00:00:00+00:00,1.3180049999999996,1.3210349999999997,1.3167049999999998,1.3207949999999997,16863
2026-03-31T01:00:00+00:00,1.3207949999999997,1.3232049999999997,1.3203549999999997,1.3217849999999998,14462
2026-03-31T02:00:00+00:00,1.3217849999999998,1.3220449999999997,1.3212549999999998,1.3216549999999998,9868
2026-03-31T03:00:00+00:00,1.3216549999999998,1.3220449999999997,1.3205649999999998,1.3207549999999997,6791
2026-03-31T04:00:00+00:00,1.3207549999999997,1.3211649999999997,1.3204649999999998,1.3204649999999998,4436
2026-03-31T05:00:00+00:00,1.3204649999999998,1.3219649999999998,1.3200349999999998,1.3209349999999997,7662
2026-03-31T06:00:00+00:00,1.3209349999999997,1.3216649999999996,1.3201149999999997,1.3212849999999998,10463
2026-03-31T07:00:00+00:00,1.3212849999999998,1.3217049999999997,1.3198849999999998,1.3212849999999998,11983
2026-03-31T08:00:00+00:00,1.3212849999999998,1.3227149999999996,1.3206449999999998,1.3219449999999997,10796
2026-03-31T09:00:00+00:00,1.3219449999999997,1.3227749999999998,1.3214149999999998,1.3221749999999997,9788
2026-03-31T10:00:00+00:00,1.3221749999999997,1.3225049999999998,1.3205249999999997,1.3206749999999998,7857
2026-03-31T11:00:00+00:00,1.3206749999999998,1.3242749999999996,1.3199749999999997,1.3242449999999997,20713
2026-03-31T12:00:00+00:00,1.3242449999999997,1.3256249999999998,1.3236649999999996,1.3244349999999998,20436
2026-03-31T13:00:00+00:00,1.3244349999999998,1.3270649999999997,1.3237449999999997,1.3268349999999998,15957
2026-03-31T14:00:00+00:00,1.3268349999999998,1.3272049999999997,1.3179849999999997,1.3195449999999997,34486
2026-03-31T15:00:00+00:00,1.3195449999999997,1.3225649999999998,1.3186649999999998,1.3192149999999998,30527
2026-03-31T16:00:00+00:00,1.3192149999999998,1.3242449999999997,1.3183049999999998,1.3223549999999997,45815
2026-03-31T17:00:00+00:00,1.3223549999999997,1.3255849999999998,1.3223349999999998,1.3238649999999998,32752
2026-03-31T18:00:00+00:00,1.3238649999999998,1.3255049999999997,1.3234549999999998,1.3235549999999998,15582
2026-03-31T19:00:00+00:00,1.3235549999999998,1.3246649999999998,1.3228549999999997,1.3243249999999998,12380
2026-03-31T20:00:00+00:00,1.3243249999999998,1.3248849999999996,1.3225149999999997,1.3225149999999997,13387
2026-03-31T21:00:00+00:00,1.322765,1.323725,1.322635,1.3230250000000001,957.7977218568556
2026-03-31T22:00:00+00:00,1.3230250000000001,1.3242150000000001,1.3230250000000001,1.324175,2351
2026-03-31T23:00:00+00:00,1.324175,1.325515,1.323995,1.325395,4100
2026-04-01T00:00:00+00:00,1.325395,1.326535,1.325005,1.325735,8200
2026-04-01T01:00:00+00:00,1.325735,1.3258450000000002,1.323055,1.3242150000000001,13406
2026-04-01T02:00:00+00:00,1.3242150000000001,1.325445,1.3240450000000001,1.325105,6996
2026-04-01T03:00:00+00:00,1.325105,1.325105,1.3242450000000001,1.324445,5855
2026-04-01T04:00:00+00:00,1.324445,1.325425,1.324335,1.3253650000000001,5368
2026-04-01T05:00:00+00:00,1.3253650000000001,1.327615,1.325225,1.326735,7744
2026-04-01T06:00:00+00:00,1.326735,1.330375,1.326605,1.329965,20284
2026-04-01T07:00:00+00:00,1.329965,1.3302450000000001,1.327345,1.327625,21672
2026-04-01T08:00:00+00:00,1.327625,1.3311650000000002,1.3272350000000002,1.330005,17875
2026-04-01T09:00:00+00:00,1.330005,1.330735,1.3288250000000001,1.3303850000000002,15259
2026-04-01T10:00:00+00:00,1.3303850000000002,1.332965,1.3303850000000002,1.331255,14207
2026-04-01T11:00:00+00:00,1.331255,1.333595,1.330965,1.333235,10865
2026-04-01T12:00:00+00:00,1.333235,1.333725,1.3305150000000001,1.331665,28819
2026-04-01T13:00:00+00:00,1.331665,1.333625,1.3303850000000002,1.332535,29749
2026-04-01T14:00:00+00:00,1.332535,1.3346850000000001,1.3314350000000001,1.3344850000000001,31725
2026-04-01T15:00:00+00:00,1.3344850000000001,1.334865,1.332845,1.334035,15675
2026-04-01T16:00:00+00:00,1.334035,1.3349950000000002,1.332495,1.334965,12059
2026-04-01T17:00:00+00:00,1.334965,1.335715,1.3325850000000001,1.332845,10768
2026-04-01T18:00:00+00:00,1.332845,1.332905,1.330545,1.331145,14550
2026-04-01T19:00:00+00:00,1.331145,1.3317350000000001,1.330355,1.331075,9867
2026-04-01T20:00:00+00:00,1.331075,1.331835,1.3309250000000001,1.3309250000000001,7402
2026-04-01T21:00:00+00:00,1.3309250000000001,1.331665,1.3299850000000002,1.331225,2448.7088234555677
2026-04-01T22:00:00+00:00,1.331225,1.3320850000000002,1.331225,1.3316550000000003,2345
2026-04-01T23:00:00+00:00,1.3316550000000003,1.3320750000000001,1.3311450000000002,1.3313050000000002,4260
2026-04-02T00:00:00+00:00,1.3313050000000002,1.3325150000000001,1.330785,1.3322550000000002,11601
2026-04-02T01:00:00+00:00,1.3322550000000002,1.3331050000000002,1.3258150000000002,1.3265850000000001,43738
2026-04-02T02:00:00+00:00,1.3265850000000001,1.327425,1.3252950000000001,1.3256450000000002,17696
2026-04-02T03:00:00+00:00,1.3256450000000002,1.3259050000000001,1.3241950000000002,1.324615,9721
2026-04-02T04:00:00+00:00,1.324615,1.3250350000000002,1.3240450000000001,1.3246350000000002,7986
2026-04-02T05:00:00+00:00,1.3246350000000002,1.3248650000000002,1.322515,1.3225950000000002,10032
2026-04-02T06:00:00+00:00,1.3225950000000002,1.323495,1.321185,1.3234650000000001,14305
2026-04-02T07:00:00+00:00,1.3234650000000001,1.323665,1.321225,1.322745,15253
2026-04-02T08:00:00+00:00,1.322745,1.3229950000000001,1.320675,1.3212150000000003,10983
2026-04-02T09:00:00+00:00,1.3212150000000003,1.3219450000000001,1.3205250000000002,1.3212650000000001,9245
2026-04-02T10:00:00+00:00,1.3212650000000001,1.321325,1.3196350000000001,1.3196750000000002,10210
2026-04-02T11:00:00+00:00,1.3196750000000002,1.321395,1.3192450000000002,1.3212450000000002,9963
2026-04-02T12:00:00+00:00,1.3212450000000002,1.322955,1.321115,1.3224950000000002,15742
2026-04-02T13:00:00+00:00,1.3224950000000002,1.3231450000000002,1.321255,1.3230750000000002,22939
2026-04-02T14:00:00+00:00,1.3230750000000002,1.3259150000000002,1.322005,1.3254050000000002,46973
2026-04-02T15:00:00+00:00,1.3254050000000002,1.3262150000000001,1.323755,1.324955,24719.557711908186
2026-04-02T16:00:00+00:00,1.324955,1.3253050000000002,1.323765,1.324235,17076
2026-04-02T17:00:00+00:00,1.324235,1.3253750000000002,1.3232650000000001,1.3235750000000002,11875
2026-04-02T18:00:00+00:00,1.3235750000000002,1.3239850000000002,1.323225,1.3234450000000002,8708
2026-04-02T19:00:00+00:00,1.3234450000000002,1.3242450000000001,1.323325,1.3234150000000002,8844
2026-04-02T20:00:00+00:00,1.3234150000000002,1.323965,1.3231750000000002,1.3234450000000002,4328
2026-04-02T21:00:00+00:00,1.3234450000000002,1.3241850000000004,1.3221650000000005,1.3227450000000005,2194.4359527874103
2026-04-02T22:00:00+00:00,1.3227450000000005,1.3236050000000004,1.3227450000000005,1.3235150000000004,999
2026-04-02T23:00:00+00:00,1.3235150000000004,1.3240850000000004,1.3234550000000005,1.3238750000000004,1125
2026-04-03T00:00:00+00:00,1.3238750000000004,1.3246950000000004,1.3238650000000005,1.3244050000000005,4535
2026-04-03T01:00:00+00:00,1.3244050000000005,1.3244550000000004,1.3235750000000004,1.3236950000000005,2073
2026-04-03T02:00:00+00:00,1.3236950000000005,1.3241450000000003,1.3231050000000004,1.3236550000000005,1879
2026-04-03T03:00:00+00:00,1.3236550000000005,1.3240050000000003,1.3234950000000003,1.3238550000000004,1423
2026-04-03T04:00:00+00:00,1.3238550000000004,1.3239050000000003,1.3235150000000004,1.3235750000000004,1896
2026-04-03T05:00:00+00:00,1.3235750000000004,1.3243350000000005,1.3231350000000004,1.3243050000000005,1950
2026-04-03T06:00:00+00:00,1.3243050000000005,1.3245950000000004,1.3238650000000005,1.3243050000000005,2270
2026-04-03T07:00:00+00:00,1.3243050000000005,1.3252050000000004,1.3242450000000003,1.3248250000000004,3487
2026-04-03T08:00:00+00:00,1.3248250000000004,1.3250150000000005,1.3241650000000005,1.3247550000000003,2652
2026-04-03T09:00:00+00:00,1.3247550000000003,1.3248550000000003,1.3242350000000005,1.3244150000000003,3304
2026-04-03T10:00:00+00:00,1.3244150000000003,1.3247550000000003,1.3239350000000003,1.3242450000000003,1984
2026-04-03T11:00:00+00:00,1.3242450000000003,1.3247950000000004,1.3242050000000003,1.3245150000000003,2771
2026-04-03T12:00:00+00:00,1.3245150000000003,1.3247050000000005,1.3203950000000004,1.3222050000000003,11126
2026-04-03T13:00:00+00:00,1.3222050000000003,1.3229350000000004,1.3217050000000004,1.3226650000000004,4800
2026-04-03T14:00:00+00:00,1.3226650000000004,1.3227150000000003,1.3211950000000003,1.3212350000000004,4459
2026-04-03T15:00:00+00:00,1.3212350000000004,1.3222250000000004,1.3204850000000006,1.3210650000000006,8907.356527942924
2026-04-03T16:00:00+00:00,1.3210650000000006,1.3212250000000005,1.3201950000000007,1.3206450000000005,2906
2026-04-03T17:00:00+00:00,1.3206450000000005,1.3209250000000006,1.3202350000000005,1.3204550000000006,3284
2026-04-03T18:00:00+00:00,1.3204550000000006,1.3205850000000006,1.3198050000000006,1.3200850000000006,2952
2026-04-03T19:00:00+00:00,1.3200850000000006,1.3202050000000005,1.3197150000000006,1.3199750000000006,2080
2026-04-03T20:00:00+00:00,1.3199750000000006,1.3212950000000006,1.3188450000000005,1.3198650000000005,6647.660435518705
2026-04-05T21:00:00+00:00,1.31835,1.31894,1.31825,1.3188600000000001,223.94893541517158
2026-04-05T22:00:00+00:00,1.3188600000000001,1.31934,1.3176,1.31907,8435
2026-04-05T23:00:00+00:00,1.31907,1.31935,1.3185,1.31857,6435
2026-04-06T00:00:00+00:00,1.31857,1.3198400000000001,1.31853,1.3197,10166
2026-04-06T01:00:00+00:00,1.3197,1.32003,1.3190600000000001,1.31931,7224
2026-04-06T02:00:00+00:00,1.31931,1.3218100000000002,1.31928,1.3211000000000002,14076
2026-04-06T03:00:00+00:00,1.3211000000000002,1.32135,1.32046,1.32066,8486
2026-04-06T04:00:00+00:00,1.32066,1.32142,1.32066,1.32124,5430
2026-04-06T05:00:00+00:00,1.32124,1.3221,1.3211600000000001,1.32162,5224
2026-04-06T06:00:00+00:00,1.32162,1.32264,1.32115,1.3219100000000001,9623
2026-04-06T07:00:00+00:00,1.3219100000000001,1.32585,1.32094,1.32532,13983
2026-04-06T08:00:00+00:00,1.32532,1.32593,1.32464,1.32491,12574
2026-04-06T09:00:00+00:00,1.32491,1.32558,1.32427,1.32457,10257
2026-04-06T10:00:00+00:00,1.32457,1.32536,1.3234700000000001,1.32443,10440
2026-04-06T11:00:00+00:00,1.32443,1.32461,1.32327,1.3236700000000001,7662
2026-04-06T12:00:00+00:00,1.3236700000000001,1.32487,1.32342,1.32454,9091
2026-04-06T13:00:00+00:00,1.32454,1.3260800000000001,1.32417,1.32568,11747
2026-04-06T14:00:00+00:00,1.32568,1.32687,1.32376,1.3238400000000001,28723
2026-04-06T15:00:00+00:00,1.3238400000000001,1.32386,1.3224,1.32336,13544
2026-04-06T16:00:00+00:00,1.32336,1.32397,1.32315,1.3234700000000001,8812
2026-04-06T17:00:00+00:00,1.3234700000000001,1.32356,1.3217700000000001,1.32263,9908
2026-04-06T18:00:00+00:00,1.32263,1.3244500000000001,1.32244,1.32372,11108
2026-04-06T19:00:00+00:00,1.32372,1.32404,1.32335,1.32342,6242
2026-04-06T20:00:00+00:00,1.32342,1.3238,1.32315,1.3232000000000002,4355
2026-04-06T21:00:00+00:00,1.3232000000000002,1.32369,1.32286,1.3231,1781.7572270021597
2026-04-06T22:00:00+00:00,1.3231,1.3241999999999998,1.3231,1.32334,2367
2026-04-06T23:00:00+00:00,1.32334,1.3235,1.3229899999999999,1.32335,2829
2026-04-07T00:00:00+00:00,1.32335,1.32389,1.32293,1.3231,10712
2026-04-07T01:00:00+00:00,1.3231,1.3235299999999999,1.32152,1.32195,9895
2026-04-07T02:00:00+00:00,1.32195,1.32206,1.32113,1.32171,7200
2026-04-07T03:00:00+00:00,1.32171,1.32257,1.32165,1.3225,4168
2026-04-07T04:00:00+00:00,1.3225,1.32344,1.3223699999999998,1.3232599999999999,5009
2026-04-07T05:00:00+00:00,1.3232599999999999,1.3233899999999998,1.3218699999999999,1.32306,7435
2026-04-07T06:00:00+00:00,1.32306,1.3248199999999999,1.3226399999999998,1.32463,11279
2026-04-07T07:00:00+00:00,1.32463,1.32479,1.32266,1.32335,12162
2026-04-07T08:00:00+00:00,1.32335,1.3285099999999999,1.3232599999999999,1.32829,27354
2026-04-07T09:00:00+00:00,1.32829,1.32842,1.32653,1.32656,12200
2026-04-07T10:00:00+00:00,1.32656,1.3268499999999999,1.3236299999999999,1.3242699999999998,24493
2026-04-07T11:00:00+00:00,1.3242699999999998,1.32486,1.3236299999999999,1.32459,11236
2026-04-07T12:00:00+00:00,1.32459,1.32652,1.3237599999999998,1.3250499999999998,18586
2026-04-07T13:00:00+00:00,1.3250499999999998,1.32574,1.32368,1.3241399999999999,20533
2026-04-07T14:00:00+00:00,1.3241399999999999,1.3267099999999998,1.32357,1.32466,22963
2026-04-07T15:00:00+00:00,1.32466,1.3255299999999999,1.32385,1.32394,21283
2026-04-07T16:00:00+00:00,1.32394,1.3258699999999999,1.3239299999999998,1.32501,17169
2026-04-07T17:00:00+00:00,1.32501,1.32667,1.32472,1.3262399999999999,13613
2026-04-07T18:00:00+00:00,1.3262399999999999,1.327,1.3254299999999999,1.32588,9506
2026-04-07T19:00:00+00:00,1.32588,1.32935,1.3255599999999998,1.32874,27255
2026-04-07T20:00:00+00:00,1.32874,1.3300699999999999,1.3285399999999998,1.3288499999999999,11954
2026-04-07T21:00:00+00:00,1.3288499999999999,1.3304700000000003,1.3285900000000002,1.3301400000000003,1145.262939593687
2026-04-07T22:00:00+00:00,1.3301400000000003,1.3379100000000004,1.3291300000000004,1.3377500000000002,31096
2026-04-07T23:00:00+00:00,1.3377500000000002,1.3413600000000003,1.3371300000000004,1.3405600000000004,32698
2026-04-08T00:00:00+00:00,1.3405600000000004,1.3415100000000002,1.3383900000000004,1.3392900000000003,28994
2026-04-08T01:00:00+00:00,1.3392900000000003,1.3420700000000003,1.3390600000000004,1.3409000000000002,22218
2026-04-08T02:00:00+00:00,1.3409000000000002,1.3417800000000004,1.3398800000000004,1.3405500000000004,14736
2026-04-08T03:00:00+00:00,1.3405500000000004,1.3409200000000003,1.3396900000000003,1.3403400000000003,12213
2026-04-08T04:00:00+00:00,1.3403400000000003,1.3422200000000004,1.3403400000000003,1.3420800000000004,11055
2026-04-08T05:00:00+00:00,1.3420800000000004,1.3450500000000003,1.3413900000000003,1.3437900000000003,16307
2026-04-08T06:00:00+00:00,1.3437900000000003,1.3448700000000002,1.3424200000000004,1.3434800000000002,23280
2026-04-08T07:00:00+00:00,1.3434800000000002,1.3438800000000004,1.3415300000000003,1.3429200000000003,23114
2026-04-08T08:00:00+00:00,1.3429200000000003,1.3437500000000002,1.3411300000000004,1.3432500000000003,19316
2026-04-08T09:00:00+00:00,1.3432500000000003,1.3445600000000004,1.3424800000000003,1.3429700000000002,15651
2026-04-08T10:00:00+00:00,1.3429700000000002,1.3450100000000003,1.3428400000000003,1.3446200000000004,10953
2026-04-08T11:00:00+00:00,1.3446200000000004,1.3475000000000004,1.3442100000000003,1.3470900000000003,15035
2026-04-08T12:00:00+00:00,1.3470900000000003,1.3489500000000003,1.3456800000000002,1.3478200000000002,24640
2026-04-08T13:00:00+00:00,1.3478200000000002,1.3487300000000002,1.3445000000000003,1.3452600000000003,29976
2026-04-08T14:00:00+00:00,1.3452600000000003,1.3465000000000003,1.3440200000000002,1.3453400000000002,33190
2026-04-08T15:00:00+00:00,1.3453400000000002,1.3453800000000002,1.3433200000000003,1.3443600000000002,22477
2026-04-08T16:00:00+00:00,1.3443600000000002,1.3443600000000002,1.3424800000000003,1.3429300000000004,13408
2026-04-08T17:00:00+00:00,1.3429300000000004,1.3432900000000003,1.3414600000000003,1.3423600000000002,13683
2026-04-08T18:00:00+00:00,1.3423600000000002,1.3430000000000004,1.3390400000000002,1.3391100000000002,17326
2026-04-08T19:00:00+00:00,1.3391100000000002,1.3413400000000004,1.3385600000000004,1.3411800000000003,13925
2026-04-08T20:00:00+00:00,1.3411800000000003,1.3413800000000002,1.3395100000000004,1.3396700000000004,7351
2026-04-08T21:00:00+00:00,1.3396700000000004,1.3403200000000004,1.3389500000000003,1.3399200000000002,1957.6199354110574
2026-04-08T22:00:00+00:00,1.3399200000000002,1.3408000000000002,1.3398800000000002,1.3402900000000002,2090
2026-04-08T23:00:00+00:00,1.3402900000000002,1.3403900000000002,1.3396,1.33978,3410.7833054293233
2026-04-09T00:00:00+00:00,1.33978,1.34012,1.33903,1.3396,9129
2026-04-09T01:00:00+00:00,1.3396,1.33982,1.33861,1.33964,8613
2026-04-09T02:00:00+00:00,1.33964,1.34071,1.33926,1.3401,6281
2026-04-09T03:00:00+00:00,1.3401,1.34037,1.33952,1.34003,6750
2026-04-09T04:00:00+00:00,1.34003,1.34112,1.33997,1.34041,6403
2026-04-09T05:00:00+00:00,1.34041,1.34056,1.33946,1.33959,6859
2026-04-09T06:00:00+00:00,1.33959,1.34016,1.33876,1.33999,9786
2026-04-09T07:00:00+00:00,1.33999,1.34065,1.33859,1.33982,12389
2026-04-09T08:00:00+00:00,1.33982,1.34124,1.33889,1.34087,10517
2026-04-09T09:00:00+00:00,1.34087,1.34193,1.34045,1.34082,9210
2026-04-09T10:00:00+00:00,1.34082,1.34151,1.34024,1.34025,8566
2026-04-09T11:00:00+00:00,1.34025,1.34353,1.34008,1.3434,10694
2026-04-09T12:00:00+00:00,1.3434,1.34355,1.34124,1.34213,10982
2026-04-09T13:00:00+00:00,1.34213,1.34348,1.34183,1.34261,16314
2026-04-09T14:00:00+00:00,1.34261,1.34334,1.34091,1.34199,19532
2026-04-09T15:00:00+00:00,1.34199,1.34498,1.34087,1.34472,26674
2026-04-09T16:00:00+00:00,1.34472,1.3461,1.34432,1.34498,13305
2026-04-09T17:00:00+00:00,1.34498,1.34636,1.34497,1.34564,11945
2026-04-09T18:00:00+00:00,1.34564,1.34573,1.34348,1.34379,14728
2026-04-09T19:00:00+00:00,1.34379,1.34504,1.34357,1.34407,8271
2026-04-09T20:00:00+00:00,1.34407,1.34423,1.34353,1.34382,4756
2026-04-09T21:00:00+00:00,1.34382,1.34427,1.3434300000000001,1.34378,5529.0718290930035
2026-04-09T22:00:00+00:00,1.34378,1.3446200000000001,1.34339,1.34366,3161
2026-04-09T23:00:00+00:00,1.34366,1.34439,1.34361,1.34388,3358
2026-04-10T00:00:00+00:00,1.34388,1.3439100000000002,1.34305,1.3434700000000002,6800
2026-04-10T01:00:00+00:00,1.3434700000000002,1.34415,1.34304,1.34383,6289
2026-04-10T02:00:00+00:00,1.34383,1.34392,1.3429600000000002,1.3434000000000001,5201
2026-04-10T03:00:00+00:00,1.3434000000000001,1.34362,1.34322,1.3434300000000001,3537
2026-04-10T04:00:00+00:00,1.3434300000000001,1.34365,1.3430300000000002,1.34307,3546
2026-04-10T05:00:00+00:00,1.34307,1.34324,1.34241,1.34288,4111
2026-04-10T06:00:00+00:00,1.34288,1.34342,1.34226,1.3426500000000001,7771
2026-04-10T07:00:00+00:00,1.3426500000000001,1.3438100000000002,1.34203,1.34219,8659
2026-04-10T08:00:00+00:00,1.34219,1.3436000000000001,1.34209,1.3430300000000002,7963
2026-04-10T09:00:00+00:00,1.3430300000000002,1.34495,1.3426900000000002,1.34474,14985
2026-04-10T10:00:00+00:00,1.34474,1.34539,1.3444200000000002,1.3446500000000001,7582
2026-04-10T11:00:00+00:00,1.3446500000000001,1.34552,1.34451,1.3454000000000002,6788
2026-04-10T12:00:00+00:00,1.3454000000000002,1.3476700000000001,1.34532,1.3467900000000002,14021
2026-04-10T13:00:00+00:00,1.3467900000000002,1.34866,1.34656,1.34717,16248
2026-04-10T14:00:00+00:00,1.34717,1.3488600000000002,1.3461100000000001,1.34708,21060
2026-04-10T15:00:00+00:00,1.34708,1.34873,1.3466900000000002,1.34676,15743
2026-04-10T16:00:00+00:00,1.34676,1.34708,1.34575,1.34656,12121
2026-04-10T17:00:00+00:00,1.34656,1.34737,1.3463800000000001,1.34673,8425
2026-04-10T18:00:00+00:00,1.34673,1.34817,1.3462800000000001,1.3479,10114
2026-04-10T19:00:00+00:00,1.3479,1.34809,1.34758,1.34778,4443
2026-04-10T20:00:00+00:00,1.34778,1.34795,1.34589,1.34643,3614
2026-04-12T21:00:00+00:00,1.34643,1.3489399999999998,1.34636,1.3479599999999998,1188.1758977676677
2026-04-12T22:00:00+00:00,1.3479599999999998,1.3481699999999999,1.3466299999999998,1.34743,7310
2026-04-12T23:00:00+00:00,1.34743,1.3475699999999997,1.3460299999999998,1.3473799999999998,5084
2026-04-13T00:00:00+00:00,1.3473799999999998,1.34821,1.3465699999999998,1.3481999999999998,12587
2026-04-13T01:00:00+00:00,1.3481999999999998,1.3488999999999998,1.3477899999999998,1.3482599999999998,10640
2026-04-13T02:00:00+00:00,1.3482599999999998,1.3485899999999997,1.3479799999999997,1.3483599999999998,5724
2026-04-13T03:00:00+00:00,1.3483599999999998,1.3485199999999997,1.3479499999999998,1.3483999999999998,5008
2026-04-13T04:00:00+00:00,1.3483999999999998,1.3487199999999997,1.3482299999999998,1.3484399999999999,5001
2026-04-13T05:00:00+00:00,1.3484399999999999,1.3486999999999998,1.34814,1.3485599999999998,7138
2026-04-13T06:00:00+00:00,1.3485599999999998,1.3494499999999998,1.34814,1.3491299999999997,11026
2026-04-13T07:00:00+00:00,1.3491299999999997,1.35136,1.34909,1.3511499999999999,10746
2026-04-13T08:00:00+00:00,1.3511499999999999,1.3513799999999998,1.3502699999999999,1.3507599999999997,11155
2026-04-13T09:00:00+00:00,1.3507599999999997,1.3513699999999997,1.3503699999999998,1.3508799999999999,7720
2026-04-13T10:00:00+00:00,1.3508799999999999,1.3515399999999997,1.3502399999999999,1.3514399999999998,7052
2026-04-13T11:00:00+00:00,1.3514399999999998,1.3522699999999999,1.3498199999999998,1.3498599999999998,10770
2026-04-13T12:00:00+00:00,1.3498599999999998,1.3518599999999998,1.3495599999999999,1.3515699999999997,13758
2026-04-13T13:00:00+00:00,1.3515699999999997,1.3545699999999998,1.3514199999999998,1.3532199999999999,20465
2026-04-13T14:00:00+00:00,1.3532199999999999,1.3544899999999997,1.3524299999999998,1.35404,21867
2026-04-13T15:00:00+00:00,1.35404,1.3541599999999998,1.3528599999999997,1.3537599999999999,15172
2026-04-13T16:00:00+00:00,1.3537599999999999,1.3562299999999998,1.3531799999999998,1.3553499999999998,21563
2026-04-13T17:00:00+00:00,1.3553499999999998,1.3571099999999998,1.3553499999999998,1.35685,10472
2026-04-13T18:00:00+00:00,1.35685,1.3588199999999997,1.3564699999999998,1.3587299999999998,10996
2026-04-13T19:00:00+00:00,1.3587299999999998,1.3587699999999998,1.3579899999999998,1.3584699999999998,7727
2026-04-13T20:00:00+00:00,1.3584699999999998,1.3588299999999998,1.3583599999999998,1.35848,4584
2026-04-13T21:00:00+00:00,1.35848,1.35848,1.3575099999999998,1.3576299999999997,1397.6174877940525
2026-04-13T22:00:00+00:00,1.3576299999999997,1.3591399999999998,1.3576299999999997,1.3590199999999997,1433
2026-04-13T23:00:00+00:00,1.3590199999999997,1.3596099999999998,1.3589399999999998,1.3595299999999997,2888
2026-04-14T00:00:00+00:00,1.3595299999999997,1.3596499999999998,1.3588499999999997,1.3594599999999997,6924
2026-04-14T01:00:00+00:00,1.3594599999999997,1.3595399999999997,1.3584599999999998,1.3585399999999996,5909
2026-04-14T02:00:00+00:00,1.3585399999999996,1.3588799999999996,1.3583199999999997,1.3588599999999997,4053
2026-04-14T03:00:00+00:00,1.3588599999999997,1.3596999999999997,1.3585699999999996,1.3596299999999997,4202
2026-04-14T04:00:00+00:00,1.3596299999999997,1.3601599999999998,1.3594399999999998,1.3598999999999997,2649
2026-04-14T05:00:00+00:00,1.3598999999999997,1.3601699999999997,1.3590299999999997,1.3596699999999997,5324
2026-04-14T06:00:00+00:00,1.3596699999999997,1.3607299999999998,1.3590599999999997,1.3602399999999997,10344
2026-04-14T07:00:00+00:00,1.3602399999999997,1.3619299999999996,1.3601399999999997,1.3611699999999998,16513
2026-04-14T08:00:00+00:00,1.3611699999999998,1.3618599999999996,1.3606499999999997,1.3617499999999998,12217
2026-04-14T09:00:00+00:00,1.3617499999999998,1.3629699999999998,1.3613599999999997,1.3622499999999997,8945
2026-04-14T10:00:00+00:00,1.3622499999999997,1.3642299999999996,1.3619999999999997,1.3639299999999996,10627
2026-04-14T11:00:00+00:00,1.3639299999999996,1.3658499999999998,1.3638099999999997,1.3651599999999997,11078
2026-04-14T12:00:00+00:00,1.3651599999999997,1.3669299999999998,1.3646899999999997,1.3666899999999997,13661
2026-04-14T13:00:00+00:00,1.3666899999999997,1.3667999999999998,1.3648699999999998,1.3662599999999998,17068
2026-04-14T14:00:00+00:00,1.3662599999999998,1.3668699999999998,1.3654199999999996,1.3667099999999996,16501
2026-04-14T15:00:00+00:00,1.3667099999999996,1.3667199999999997,1.3641099999999997,1.3641299999999996,16659
2026-04-14T16:00:00+00:00,1.3641299999999996,1.3648099999999996,1.3638099999999997,1.3647399999999996,8918
2026-04-14T17:00:00+00:00,1.3647399999999996,1.3652799999999996,1.3643899999999998,1.3650099999999996,7507
2026-04-14T18:00:00+00:00,1.3650099999999996,1.3652099999999998,1.3640299999999996,1.3643099999999997,8800
2026-04-14T19:00:00+00:00,1.3643099999999997,1.3646599999999998,1.3641099999999997,1.3642699999999996,6196
2026-04-14T20:00:00+00:00,1.3642699999999996,1.3649199999999997,1.3642199999999998,1.3645599999999998,3726
2026-04-14T21:00:00+00:00,1.3645599999999998,1.3645599999999998,1.3634999999999997,1.3638399999999997,3000.4330941749035
2026-04-14T22:00:00+00:00,1.3638399999999997,1.3650599999999997,1.3638399999999997,1.3647799999999997,2048
2026-04-14T23:00:00+00:00,1.3647799999999997,1.3659199999999998,1.3645999999999998,1.3654399999999998,5760
2026-04-15T00:00:00+00:00,1.3654399999999998,1.3655099999999998,1.3645199999999997,1.3652999999999997,8418
2026-04-15T01:00:00+00:00,1.3652999999999997,1.3657299999999997,1.3647199999999997,1.3649099999999996,8966
2026-04-15T02:00:00+00:00,1.3649099999999996,1.3649699999999998,1.3636899999999996,1.3639599999999996,5947
2026-04-15T03:00:00+00:00,1.3639599999999996,1.3647099999999996,1.3637199999999996,1.3645199999999997,3920
2026-04-15T04:00:00+00:00,1.3645199999999997,1.3647599999999998,1.3644099999999997,1.3647199999999997,3266
2026-04-15T05:00:00+00:00,1.3647199999999997,1.3658499999999998,1.3643899999999998,1.3645099999999997,8816
2026-04-15T06:00:00+00:00,1.3645099999999997,1.3653399999999998,1.3636499999999998,1.3639299999999996,9681
2026-04-15T07:00:00+00:00,1.3639299999999996,1.3649499999999997,1.3635299999999997,1.3639899999999998,11862
2026-04-15T08:00:00+00:00,1.3639899999999998,1.3647499999999997,1.3636399999999997,1.3644099999999997,8684
2026-04-15T09:00:00+00:00,1.3644099999999997,1.3649799999999996,1.3628699999999998,1.3636899999999996,13229
2026-04-15T10:00:00+00:00,1.3636899999999996,1.3640899999999998,1.3623299999999998,1.3627299999999998,14099
2026-04-15T11:00:00+00:00,1.3627299999999998,1.3635799999999998,1.3623299999999998,1.3634199999999996,11960
2026-04-15T12:00:00+00:00,1.3634199999999996,1.3637699999999997,1.3625299999999998,1.3634799999999998,11604
2026-04-15T13:00:00+00:00,1.3634799999999998,1.3646399999999996,1.3632399999999998,1.3637199999999996,17935
2026-04-15T14:00:00+00:00,1.3637199999999996,1.3656999999999997,1.3632699999999998,1.3648399999999996,18255
2026-04-15T15:00:00+00:00,1.3648399999999996,1.3658499999999998,1.3645099999999997,1.3647099999999996,16154
2026-04-15T16:00:00+00:00,1.3647099999999996,1.3654399999999998,1.3645899999999997,1.3653399999999998,11708
2026-04-15T17:00:00+00:00,1.3653399999999998,1.3654399999999998,1.3644299999999998,1.3649599999999997,7706
2026-04-15T18:00:00+00:00,1.3649599999999997,1.3656399999999997,1.3647799999999997,1.3654099999999998,9672
2026-04-15T19:00:00+00:00,1.3654099999999998,1.3656399999999997,1.3648299999999998,1.3650199999999997,6619
2026-04-15T20:00:00+00:00,1.3650199999999997,1.3650299999999997,1.3637299999999997,1.3637299999999997,4014
2026-04-15T21:00:00+00:00,1.3637299999999997,1.3639799999999997,1.3631699999999998,1.3634399999999998,2436.2779372483506
2026-04-15T22:00:00+00:00,1.3634399999999998,1.3649599999999997,1.3634399999999998,1.3648799999999996,1233
2026-04-15T23:00:00+00:00,1.3648799999999996,1.3654699999999997,1.3648799999999996,1.3653799999999998,1886.6178753430027
2026-04-16T00:00:00+00:00,1.3653799999999998,1.3656,1.3649699999999998,1.3655,4878
2026-04-16T01:00:00+00:00,1.3655,1.3656799999999998,1.36421,1.36499,8111
2026-04-16T02:00:00+00:00,1.36499,1.3667399999999998,1.3649599999999997,1.3667299999999998,6841
2026-04-16T03:00:00+00:00,1.3667299999999998,1.3675899999999999,1.3661499999999998,1.36624,6142
2026-04-16T04:00:00+00:00,1.36624,1.3663399999999999,1.3656799999999998,1.3657299999999999,3582
2026-04-16T05:00:00+00:00,1.3657299999999999,1.3658,1.3646299999999998,1.3651499999999999,5277
2026-04-16T06:00:00+00:00,1.3651499999999999,1.3662199999999998,1.36448,1.3656899999999998,11524
2026-04-16T07:00:00+00:00,1.3656899999999998,1.3661699999999999,1.3638199999999998,1.3639599999999998,11775
2026-04-16T08:00:00+00:00,1.3639599999999998,1.3642599999999998,1.3628399999999998,1.36316,12143
2026-04-16T09:00:00+00:00,1.36316,1.3633799999999998,1.3617599999999999,1.3619799999999997,9383
2026-04-16T10:00:00+00:00,1.3619799999999997,1.3625699999999998,1.3612699999999998,1.3624899999999998,7091
2026-04-16T11:00:00+00:00,1.3624899999999998,1.3634699999999997,1.3624199999999997,1.3627599999999997,8523
2026-04-16T12:00:00+00:00,1.3627599999999997,1.3630699999999998,1.3618,1.3627899999999997,10053
2026-04-16T13:00:00+00:00,1.3627899999999997,1.3636,1.3616399999999997,1.3622699999999999,14443
2026-04-16T14:00:00+00:00,1.3622699999999999,1.3629799999999999,1.3597399999999997,1.36031,21052
2026-04-16T15:00:00+00:00,1.36031,1.3619099999999997,1.3598899999999998,1.3618899999999998,16127
2026-04-16T16:00:00+00:00,1.3618899999999998,1.36258,1.3601899999999998,1.3609999999999998,14307
2026-04-16T17:00:00+00:00,1.3609999999999998,1.3611199999999999,1.3602599999999998,1.3605899999999997,9610
2026-04-16T18:00:00+00:00,1.3605899999999997,1.3614499999999998,1.3604999999999998,1.3612299999999997,10534
2026-04-16T19:00:00+00:00,1.3612299999999997,1.3616099999999998,1.3608299999999998,1.36106,5291
2026-04-16T20:00:00+00:00,1.36106,1.3612799999999998,1.3604599999999998,1.3606599999999998,3353
2026-04-16T21:00:00+00:00,1.3606599999999998,1.3613499999999998,1.3597899999999998,1.3600999999999999,3331.9804004941216
2026-04-16T22:00:00+00:00,1.3600999999999999,1.36181,1.3600999999999999,1.3613199999999999,1717
2026-04-16T23:00:00+00:00,1.3613199999999999,1.36148,1.36063,1.36073,2518
2026-04-17T00:00:00+00:00,1.36073,1.3608099999999999,1.36004,1.3602299999999998,7055
2026-04-17T01:00:00+00:00,1.3602299999999998,1.36038,1.35958,1.3597899999999998,6275
2026-04-17T02:00:00+00:00,1.3597899999999998,1.36015,1.3595899999999999,1.36009,3682
2026-04-17T03:00:00+00:00,1.36009,1.36089,1.3597299999999999,1.36068,3925
2026-04-17T04:00:00+00:00,1.36068,1.36075,1.36028,1.3603999999999998,4035
2026-04-17T05:00:00+00:00,1.3603999999999998,1.36043,1.3597899999999998,1.36004,5222
2026-04-17T06:00:00+00:00,1.36004,1.36004,1.3586,1.35869,8602
2026-04-17T07:00:00+00:00,1.35869,1.36076,1.35869,1.36065,10338
2026-04-17T08:00:00+00:00,1.36065,1.36155,1.35982,1.3612499999999998,8133
2026-04-17T09:00:00+00:00,1.3612499999999998,1.36211,1.36085,1.36131,8338
2026-04-17T10:00:00+00:00,1.36131,1.3618299999999999,1.36014,1.36048,6245
2026-04-17T11:00:00+00:00,1.36048,1.36174,1.36007,1.3610799999999998,7624
2026-04-17T12:00:00+00:00,1.3610799999999998,1.36672,1.36102,1.3664999999999998,29123
2026-04-17T13:00:00+00:00,1.3664999999999998,1.36811,1.3641699999999999,1.36551,43223
2026-04-17T14:00:00+00:00,1.36551,1.36704,1.365,1.3651099999999998,28725
2026-04-17T15:00:00+00:00,1.3651099999999998,1.3651099999999998,1.36306,1.3635899999999999,24037
2026-04-17T16:00:00+00:00,1.3635899999999999,1.36411,1.3625699999999998,1.36354,10759
2026-04-17T17:00:00+00:00,1.36354,1.36354,1.36216,1.3633,14559
2026-04-17T18:00:00+00:00,1.3633,1.36365,1.36136,1.36164,12687
2026-04-17T19:00:00+00:00,1.36164,1.36208,1.35981,1.36007,8147
2026-04-17T20:00:00+00:00,1.36007,1.3603999999999998,1.3591799999999998,1.3592199999999999,5954
2026-04-19T21:00:00+00:00,1.3592199999999999,1.3600700000000001,1.35899,1.3592899999999999,454.22835490188993
2026-04-19T22:00:00+00:00,1.3592899999999999,1.3601499999999997,1.3586899999999997,1.3600199999999998,6314
2026-04-19T23:00:00+00:00,1.3600199999999998,1.3604999999999998,1.3590899999999997,1.3595299999999997,7691
2026-04-20T00:00:00+00:00,1.3595299999999997,1.3608999999999998,1.3590999999999998,1.3608299999999998,12802
2026-04-20T01:00:00+00:00,1.3608299999999998,1.3613399999999998,1.3602099999999997,1.3610799999999998,9694
2026-04-20T02:00:00+00:00,1.3610799999999998,1.3618499999999998,1.3609599999999997,1.3614799999999998,5203
2026-04-20T03:00:00+00:00,1.3614799999999998,1.3621499999999997,1.3613399999999998,1.3618799999999998,5833
2026-04-20T04:00:00+00:00,1.3618799999999998,1.3620599999999998,1.3613399999999998,1.3618199999999998,5067
2026-04-20T05:00:00+00:00,1.3618199999999998,1.3618599999999998,1.3599099999999997,1.3604399999999999,8676
2026-04-20T06:00:00+00:00,1.3604399999999999,1.3618799999999998,1.3594699999999997,1.3618699999999997,15772
2026-04-20T07:00:00+00:00,1.3618699999999997,1.3631699999999998,1.3608399999999998,1.3615599999999999,17855
2026-04-20T08:00:00+00:00,1.3615599999999999,1.3618799999999998,1.3605799999999997,1.3610399999999998,14517
2026-04-20T09:00:00+00:00,1.3610399999999998,1.3631599999999997,1.3609499999999999,1.3631299999999997,12188
2026-04-20T10:00:00+00:00,1.3631299999999997,1.3632499999999999,1.3623999999999998,1.3630099999999998,8660
2026-04-20T11:00:00+00:00,1.3630099999999998,1.3640999999999999,1.3627699999999998,1.3632199999999999,11595
2026-04-20T12:00:00+00:00,1.3632199999999999,1.3632399999999998,1.3618499999999998,1.3628999999999998,12834
2026-04-20T13:00:00+00:00,1.3628999999999998,1.3649399999999998,1.3624899999999998,1.3645899999999997,20331
2026-04-20T14:00:00+00:00,1.3645899999999997,1.3645899999999997,1.3619599999999998,1.3636499999999998,22290
2026-04-20T15:00:00+00:00,1.3636499999999998,1.3657299999999999,1.3630999999999998,1.3652999999999997,20976
2026-04-20T16:00:00+00:00,1.3652999999999997,1.3657199999999998,1.3648099999999999,1.3651099999999998,11189
2026-04-20T17:00:00+00:00,1.3651099999999998,1.3657099999999998,1.3644299999999998,1.3647799999999999,8438
2026-04-20T18:00:00+00:00,1.3647799999999999,1.3655399999999998,1.3644099999999997,1.3644999999999998,10016
2026-04-20T19:00:00+00:00,1.3644999999999998,1.36546,1.3644899999999998,1.3645199999999997,5579
2026-04-20T20:00:00+00:00,1.3645199999999997,1.3651599999999997,1.3642999999999998,1.3646199999999997,4364
2026-04-20T21:00:00+00:00,1.3646199999999997,1.3646199999999997,1.3635599999999997,1.3643099999999997,2049.520418114951
2026-04-20T22:00:00+00:00,1.3643099999999997,1.3652399999999996,1.3643099999999997,1.3652399999999996,1757
2026-04-20T23:00:00+00:00,1.3652399999999996,1.3652999999999995,1.3644499999999997,1.3644699999999996,2454
2026-04-21T00:00:00+00:00,1.3644699999999996,1.3645799999999997,1.3636299999999997,1.3638399999999997,7507
2026-04-21T01:00:00+00:00,1.3638399999999997,1.3643199999999995,1.3636499999999996,1.3638499999999996,6674
2026-04-21T02:00:00+00:00,1.3638499999999996,1.3640599999999996,1.3634099999999996,1.3635399999999995,4800
2026-04-21T03:00:00+00:00,1.3635399999999995,1.3636199999999996,1.3629399999999996,1.3631599999999997,3983
2026-04-21T04:00:00+00:00,1.3631599999999997,1.3632599999999997,1.3628599999999995,1.3629299999999995,2698
2026-04-21T05:00:00+00:00,1.3629299999999995,1.3639499999999996,1.3628599999999995,1.3631499999999996,6057
2026-04-21T06:00:00+00:00,1.3631499999999996,1.3644899999999995,1.3630499999999997,1.3633599999999997,10581
2026-04-21T07:00:00+00:00,1.3633599999999997,1.3636599999999997,1.3620599999999996,1.3621399999999997,13440
2026-04-21T08:00:00+00:00,1.3621399999999997,1.3624299999999996,1.3596299999999997,1.3617499999999996,19874
2026-04-21T09:00:00+00:00,1.3617499999999996,1.3622599999999996,1.3609499999999997,1.3616599999999996,8345
2026-04-21T10:00:00+00:00,1.3616599999999996,1.3625699999999996,1.3613399999999996,1.3624799999999997,7914
2026-04-21T11:00:00+00:00,1.3624799999999997,1.3637599999999996,1.3620199999999996,1.3632699999999995,10181
2026-04-21T12:00:00+00:00,1.3632699999999995,1.3636399999999995,1.3620399999999997,1.3628599999999995,12682
2026-04-21T13:00:00+00:00,1.3628599999999995,1.3643399999999997,1.3627999999999996,1.3639199999999996,14459
2026-04-21T14:00:00+00:00,1.3639199999999996,1.3653599999999997,1.3622199999999995,1.3623199999999995,19345
2026-04-21T15:00:00+00:00,1.3623199999999995,1.3634699999999995,1.3612999999999997,1.3624499999999997,20092
2026-04-21T16:00:00+00:00,1.3624499999999997,1.3629399999999996,1.3611299999999997,1.3611899999999997,12027
2026-04-21T17:00:00+00:00,1.3611899999999997,1.3639699999999997,1.3589999999999995,1.3618999999999997,23781
2026-04-21T18:00:00+00:00,1.3618999999999997,1.3622299999999996,1.3597499999999996,1.3617699999999997,15408
2026-04-21T19:00:00+00:00,1.3617699999999997,1.3629099999999996,1.3588399999999996,1.3595799999999996,22526
2026-04-21T20:00:00+00:00,1.3595799999999996,1.3627999999999996,1.3591199999999997,1.3620799999999995,17813
2026-04-21T21:00:00+00:00,1.3620799999999995,1.3620799999999995,1.3601399999999997,1.3611899999999995,2324.0318786684134
2026-04-21T22:00:00+00:00,1.3611899999999995,1.3621299999999994,1.3611799999999994,1.3618899999999994,2596
2026-04-21T23:00:00+00:00,1.3618899999999994,1.3626999999999994,1.3618099999999993,1.3625899999999993,2807
2026-04-22T00:00:00+00:00,1.3625899999999993,1.3637199999999994,1.3625599999999993,1.3626999999999994,9580
2026-04-22T01:00:00+00:00,1.3626999999999994,1.3632099999999994,1.3620099999999993,1.3627799999999994,7555
2026-04-22T02:00:00+00:00,1.3627799999999994,1.3631499999999994,1.3622399999999995,1.3623199999999993,5254
2026-04-22T03:00:00+00:00,1.3623199999999993,1.3629499999999994,1.3620499999999993,1.3623899999999993,3930
2026-04-22T04:00:00+00:00,1.3623899999999993,1.3627999999999993,1.3622699999999994,1.3624199999999993,3541
2026-04-22T05:00:00+00:00,1.3624199999999993,1.3651199999999994,1.3623599999999993,1.3640899999999994,10809
2026-04-22T06:00:00+00:00,1.3640899999999994,1.3642899999999993,1.3631699999999993,1.3633899999999994,9759
2026-04-22T07:00:00+00:00,1.3633899999999994,1.3644399999999994,1.3627099999999994,1.3643399999999994,10861
2026-04-22T08:00:00+00:00,1.3643399999999994,1.3649099999999994,1.3639299999999994,1.3645499999999993,9971
2026-04-22T09:00:00+00:00,1.3645499999999993,1.3652299999999993,1.3636099999999993,1.3637199999999994,8529
2026-04-22T10:00:00+00:00,1.3637199999999994,1.3640799999999993,1.3630999999999993,1.3638399999999993,8017
2026-04-22T11:00:00+00:00,1.3638399999999993,1.3638599999999994,1.3616299999999995,1.3619799999999993,9705
2026-04-22T12:00:00+00:00,1.3619799999999993,1.3625499999999993,1.3609499999999994,1.3610999999999993,11699
2026-04-22T13:00:00+00:00,1.3610999999999993,1.3640999999999994,1.3608999999999993,1.3635299999999995,19502
2026-04-22T14:00:00+00:00,1.3635299999999995,1.3641299999999994,1.3616099999999993,1.3616099999999993,18760
2026-04-22T15:00:00+00:00,1.3616099999999993,1.3626599999999993,1.3611299999999993,1.3620599999999994,13774
2026-04-22T16:00:00+00:00,1.3620599999999994,1.3623699999999994,1.3612399999999993,1.3621599999999994,10000
2026-04-22T17:00:00+00:00,1.3621599999999994,1.3633599999999995,1.3620299999999994,1.3628099999999994,9144
2026-04-22T18:00:00+00:00,1.3628099999999994,1.3629599999999993,1.3620899999999994,1.3622299999999994,5882
2026-04-22T19:00:00+00:00,1.3622299999999994,1.3626899999999993,1.3617999999999995,1.3620599999999994,6604
2026-04-22T20:00:00+00:00,1.3620599999999994,1.3621699999999994,1.3614999999999993,1.3616799999999993,5234
2026-04-22T21:00:00+00:00,1.3616799999999993,1.3623199999999993,1.3610099999999994,1.3615399999999993,1636
2026-04-22T22:00:00+00:00,1.3615399999999993,1.3621299999999994,1.3615399999999993,1.3618099999999993,1281
2026-04-22T23:00:00+00:00,1.3618099999999993,1.3619499999999993,1.3615799999999993,1.3616099999999993,2251.4223939837057
2026-04-23T00:00:00+00:00,1.3616099999999993,1.3627099999999994,1.3595599999999994,1.3625499999999995,23091
2026-04-23T01:00:00+00:00,1.3625499999999995,1.3627199999999995,1.3615299999999995,1.3616399999999993,9678
2026-04-23T02:00:00+00:00,1.3616399999999993,1.3617399999999993,1.3601699999999994,1.3603599999999993,8681
2026-04-23T03:00:00+00:00,1.3603599999999993,1.3607899999999995,1.3599099999999993,1.3601999999999994,8960
2026-04-23T04:00:00+00:00,1.3601999999999994,1.3607199999999995,1.3599899999999994,1.3606899999999993,5788
2026-04-23T05:00:00+00:00,1.3606899999999993,1.3610199999999995,1.3604399999999994,1.3609999999999993,5706
2026-04-23T06:00:00+00:00,1.3609999999999993,1.3613499999999994,1.3603999999999994,1.3608299999999993,7421
2026-04-23T07:00:00+00:00,1.3608299999999993,1.3616399999999993,1.3598099999999993,1.3605899999999993,12460
2026-04-23T08:00:00+00:00,1.3605899999999993,1.3624099999999995,1.3601699999999994,1.3621599999999994,12521
2026-04-23T09:00:00+00:00,1.3621599999999994,1.3624299999999994,1.3608299999999993,1.3616799999999993,12148
2026-04-23T10:00:00+00:00,1.3616799999999993,1.3620299999999994,1.3600699999999994,1.3600999999999994,10086
2026-04-23T11:00:00+00:00,1.3600999999999994,1.3629899999999995,1.3599999999999994,1.3622399999999995,12724
2026-04-23T12:00:00+00:00,1.3622399999999995,1.3627299999999993,1.3601499999999993,1.3604199999999993,17916
2026-04-23T13:00:00+00:00,1.3604199999999993,1.3619399999999995,1.3594799999999994,1.3614799999999994,15494
2026-04-23T14:00:00+00:00,1.3614799999999994,1.3634899999999994,1.3608299999999993,1.3627099999999994,16929
2026-04-23T15:00:00+00:00,1.3627099999999994,1.3628699999999994,1.3606799999999994,1.3609899999999995,14577
2026-04-23T16:00:00+00:00,1.3609899999999995,1.3610299999999993,1.3603299999999994,1.3608299999999993,9702
2026-04-23T17:00:00+00:00,1.3608299999999993,1.3610299999999993,1.3564299999999994,1.3594199999999994,38216
2026-04-23T18:00:00+00:00,1.3594199999999994,1.3602399999999994,1.3587799999999994,1.3590199999999995,19387
2026-04-23T19:00:00+00:00,1.3590199999999995,1.3591299999999993,1.3578199999999994,1.3584199999999993,10703
2026-04-23T20:00:00+00:00,1.3584199999999993,1.3584399999999994,1.3577999999999995,1.3583199999999993,5733
2026-04-23T21:00:00+00:00,1.3583199999999993,1.358449999999999,1.3574299999999992,1.357959999999999,1853.8025597125109
2026-04-23T22:00:00+00:00,1.357959999999999,1.3585799999999988,1.357959999999999,1.3585199999999988,1199
2026-04-23T23:00:00+00:00,1.3585199999999988,1.3585199999999988,1.358089999999999,1.358299999999999,2140
2026-04-24T00:00:00+00:00,1.358299999999999,1.358869999999999,1.358099999999999,1.358529999999999,7804
2026-04-24T01:00:00+00:00,1.358529999999999,1.3590199999999988,1.3581799999999988,1.359009999999999,7432
2026-04-24T02:00:00+00:00,1.359009999999999,1.359069999999999,1.3576299999999988,1.357789999999999,5930
2026-04-24T03:00:00+00:00,1.357789999999999,1.357919999999999,1.357079999999999,1.3577399999999988,4981
2026-04-24T04:00:00+00:00,1.3577399999999988,1.3582099999999988,1.357519999999999,1.358019999999999,5338
2026-04-24T05:00:00+00:00,1.358019999999999,1.358469999999999,1.357759999999999,1.3583099999999988,5709
2026-04-24T06:00:00+00:00,1.3583099999999988,1.3586899999999988,1.3577699999999988,1.358159999999999,8085
2026-04-24T07:00:00+00:00,1.358159999999999,1.359719999999999,1.357789999999999,1.3593899999999988,7630
2026-04-24T08:00:00+00:00,1.3593899999999988,1.360189999999999,1.3588499999999988,1.359409999999999,11304
2026-04-24T09:00:00+00:00,1.359409999999999,1.3602099999999988,1.3591699999999989,1.360029999999999,9032
2026-04-24T10:00:00+00:00,1.360029999999999,1.3610199999999988,1.3595999999999988,1.360979999999999,8787
2026-04-24T11:00:00+00:00,1.360979999999999,1.3622199999999989,1.3603799999999988,1.3612599999999988,21299
2026-04-24T12:00:00+00:00,1.3612599999999988,1.362019999999999,1.360199999999999,1.3619099999999988,14725
2026-04-24T13:00:00+00:00,1.3619099999999988,1.3620499999999989,1.3603899999999989,1.3614599999999988,16373
2026-04-24T14:00:00+00:00,1.3614599999999988,1.363209999999999,1.360769999999999,1.361819999999999,20814
2026-04-24T15:00:00+00:00,1.361819999999999,1.363719999999999,1.3609599999999988,1.3632899999999988,20122
2026-04-24T16:00:00+00:00,1.3632899999999988,1.3639099999999988,1.3626099999999988,1.363859999999999,11251
2026-04-24T17:00:00+00:00,1.363859999999999,1.3643799999999988,1.363479999999999,1.3637099999999989,9561
2026-04-24T18:00:00+00:00,1.3637099999999989,1.3646599999999989,1.3635599999999988,1.364599999999999,7184
2026-04-24T19:00:00+00:00,1.364599999999999,1.365149999999999,1.364469999999999,1.3650199999999988,5119
2026-04-24T20:00:00+00:00,1.3650199999999988,1.3654599999999988,1.3639499999999989,1.3639799999999989,4322
2026-04-26T21:00:00+00:00,1.3639799999999989,1.3649999999999984,1.3637899999999987,1.3641399999999986,636.6355684497082
2026-04-26T22:00:00+00:00,1.3641399999999986,1.3660499999999984,1.3641199999999984,1.3653299999999984,2487
2026-04-26T23:00:00+00:00,1.3653299999999984,1.3656999999999986,1.3651599999999984,1.3651899999999986,12610
2026-04-27T00:00:00+00:00,1.3651899999999986,1.3661799999999984,1.3650499999999985,1.3660099999999984,14354
2026-04-27T01:00:00+00:00,1.3660099999999984,1.3675999999999986,1.3660099999999984,1.3672799999999985,22275
2026-04-27T02:00:00+00:00,1.3672799999999985,1.3678999999999986,1.3668099999999985,1.3676899999999985,18445
2026-04-27T03:00:00+00:00,1.3676899999999985,1.3687299999999984,1.3676699999999984,1.3682899999999985,18938
2026-04-27T04:00:00+00:00,1.3682899999999985,1.3684899999999984,1.3677699999999984,1.3679399999999984,17254
2026-04-27T05:00:00+00:00,1.3679399999999984,1.3679999999999986,1.3671699999999984,1.3671699999999984,16829
2026-04-27T06:00:00+00:00,1.3671699999999984,1.3677899999999985,1.3663099999999986,1.3674599999999986,17199
2026-04-27T07:00:00+00:00,1.3674599999999986,1.3685499999999984,1.3672599999999986,1.3683599999999985,19104
2026-04-27T08:00:00+00:00,1.3683599999999985,1.3696299999999986,1.3680699999999986,1.3692799999999985,17747
2026-04-27T09:00:00+00:00,1.3692799999999985,1.3695199999999985,1.3686299999999985,1.3689199999999986,11779
2026-04-27T10:00:00+00:00,1.3689199999999986,1.3701899999999985,1.3686999999999985,1.3698799999999984,14305
2026-04-27T11:00:00+00:00,1.3698799999999984,1.3700799999999984,1.3692699999999984,1.3696799999999985,16472
2026-04-27T12:00:00+00:00,1.3696799999999985,1.3714899999999985,1.3686599999999984,1.3687599999999984,17086
2026-04-27T13:00:00+00:00,1.3687599999999984,1.3698099999999984,1.3675699999999984,1.3683599999999985,22301
2026-04-27T14:00:00+00:00,1.3683599999999985,1.3703099999999986,1.3680499999999984,1.3693899999999986,17504
2026-04-27T15:00:00+00:00,1.3693899999999986,1.3694699999999984,1.3684699999999985,1.3690099999999985,15810
2026-04-27T16:00:00+00:00,1.3690099999999985,1.3694099999999985,1.3679999999999986,1.3681899999999985,10544
2026-04-27T17:00:00+00:00,1.3681899999999985,1.3683199999999984,1.3669699999999985,1.3677099999999984,13001
2026-04-27T18:00:00+00:00,1.3677099999999984,1.3678299999999985,1.3669199999999986,1.3671099999999985,11683
2026-04-27T19:00:00+00:00,1.3671099999999985,1.3676399999999984,1.3669899999999984,1.3670499999999985,6329
2026-04-27T20:00:00+00:00,1.3670499999999985,1.3673299999999984,1.3669999999999984,1.3671599999999984,9678
2026-04-27T21:00:00+00:00,1.3671599999999984,1.3673999999999984,1.3666399999999985,1.3669099999999985,1463.2983875316831
2026-04-27T22:00:00+00:00,1.3669099999999985,1.3675899999999985,1.3669099999999985,1.3674799999999985,2058
2026-04-27T23:00:00+00:00,1.3674799999999985,1.3676399999999984,1.3673599999999986,1.3676399999999984,12923
2026-04-28T00:00:00+00:00,1.3676399999999984,1.3679999999999986,1.3669899999999984,1.3670999999999984,17314
2026-04-28T01:00:00+00:00,1.3670999999999984,1.3671099999999985,1.3661599999999985,1.3661999999999985,25846
2026-04-28T02:00:00+00:00,1.3661999999999985,1.3663899999999984,1.3659499999999984,1.3660799999999984,26547
2026-04-28T03:00:00+00:00,1.3660799999999984,1.3674699999999984,1.3659899999999985,1.3670399999999985,19159
2026-04-28T04:00:00+00:00,1.3670399999999985,1.3672899999999986,1.3666999999999985,1.3668699999999985,19920
2026-04-28T05:00:00+00:00,1.3668699999999985,1.3670099999999985,1.3656099999999984,1.3656199999999985,26865
2026-04-28T06:00:00+00:00,1.3656199999999985,1.3659099999999984,1.3641599999999985,1.3643199999999984,21183
2026-04-28T07:00:00+00:00,1.3643199999999984,1.3652199999999985,1.3640899999999985,1.3647999999999985,20908
2026-04-28T08:00:00+00:00,1.3647999999999985,1.3653799999999985,1.3640799999999984,1.3644099999999986,24014
2026-04-28T09:00:00+00:00,1.3644099999999986,1.3644199999999984,1.3625199999999984,1.3629199999999986,21551
2026-04-28T10:00:00+00:00,1.3629199999999986,1.3634099999999985,1.3621699999999985,1.3622899999999984,16150
2026-04-28T11:00:00+00:00,1.3622899999999984,1.3629999999999984,1.3601799999999984,1.3606999999999985,22881
2026-04-28T12:00:00+00:00,1.3606999999999985,1.3634299999999986,1.3602099999999986,1.3631099999999985,20111
2026-04-28T13:00:00+00:00,1.3631099999999985,1.3640199999999985,1.3619799999999984,1.3634299999999986,19590
2026-04-28T14:00:00+00:00,1.3634299999999986,1.3645099999999986,1.3624199999999984,1.3636299999999986,23985
2026-04-28T15:00:00+00:00,1.3636299999999986,1.3651099999999985,1.3634699999999984,1.3650099999999985,17966
2026-04-28T16:00:00+00:00,1.3650099999999985,1.3655199999999985,1.3645499999999984,1.3653099999999985,13557
2026-04-28T17:00:00+00:00,1.3653099999999985,1.3659399999999984,1.3646599999999984,1.3656299999999986,9496
2026-04-28T18:00:00+00:00,1.3656299999999986,1.3659299999999985,1.3652999999999984,1.3655799999999985,9065
2026-04-28T19:00:00+00:00,1.3655799999999985,1.3659799999999984,1.3650999999999984,1.3655299999999986,7856
2026-04-28T20:00:00+00:00,1.3655299999999986,1.3661099999999984,1.3654799999999985,1.3654999999999984,8376
2026-04-28T21:00:00+00:00,1.3654999999999984,1.3655799999999987,1.3643799999999986,1.3648699999999985,1126.787819787186
2026-04-28T22:00:00+00:00,1.3648699999999985,1.3661499999999986,1.3648699999999985,1.3659699999999986,1059
2026-04-28T23:00:00+00:00,1.3659699999999986,1.3662599999999985,1.3659299999999985,1.3662199999999987,3681
2026-04-29T00:00:00+00:00,1.3662199999999987,1.3666299999999987,1.3659899999999985,1.3663099999999986,17591
2026-04-29T01:00:00+00:00,1.3663099999999986,1.3663499999999986,1.3651099999999985,1.3655499999999985,13568
2026-04-29T02:00:00+00:00,1.3655499999999985,1.3661699999999986,1.3648699999999985,1.3650199999999986,10328
2026-04-29T03:00:00+00:00,1.3650199999999986,1.3655299999999986,1.3648599999999986,1.3650099999999985,5003
2026-04-29T04:00:00+00:00,1.3650099999999985,1.3653699999999986,1.3649199999999986,1.3651599999999986,5256
2026-04-29T05:00:00+00:00,1.3651599999999986,1.3651899999999986,1.3641499999999986,1.3642899999999987,12349
2026-04-29T06:00:00+00:00,1.3642899999999987,1.3645899999999986,1.3633299999999986,1.3638699999999986,12370
2026-04-29T07:00:00+00:00,1.3638699999999986,1.3646599999999987,1.3637499999999987,1.3643599999999987,11092
2026-04-29T08:00:00+00:00,1.3643599999999987,1.3644699999999985,1.3633299999999986,1.3637999999999986,14445
2026-04-29T09:00:00+00:00,1.3637999999999986,1.3645099999999986,1.3634499999999985,1.3642199999999987,12716
2026-04-29T10:00:00+00:00,1.3642199999999987,1.3650499999999985,1.3639199999999985,1.3650099999999985,7971
2026-04-29T11:00:00+00:00,1.3650099999999985,1.3651199999999986,1.3639999999999985,1.3643499999999986,14731
2026-04-29T12:00:00+00:00,1.3643499999999986,1.3652199999999985,1.3637099999999986,1.3638999999999986,14645
2026-04-29T13:00:00+00:00,1.3638999999999986,1.3645899999999986,1.3611899999999986,1.3616599999999985,20804
2026-04-29T14:00:00+00:00,1.3616599999999985,1.3641599999999985,1.3609699999999987,1.3640199999999987,20069
2026-04-29T15:00:00+00:00,1.3640199999999987,1.3640999999999985,1.3619099999999986,1.3627599999999986,22326
2026-04-29T16:00:00+00:00,1.3627599999999986,1.3637399999999986,1.3617899999999985,1.3619699999999986,13212
2026-04-29T17:00:00+00:00,1.3619699999999986,1.3629899999999986,1.3613299999999986,1.3624199999999986,11467
2026-04-29T18:00:00+00:00,1.3624199999999986,1.3631099999999985,1.3595799999999987,1.3610799999999985,23349
2026-04-29T19:00:00+00:00,1.3610799999999985,1.3621599999999985,1.3605499999999986,1.3614799999999985,12704
2026-04-29T20:00:00+00:00,1.3614799999999985,1.3617599999999985,1.3608399999999985,1.3613699999999986,8648
2026-04-29T21:00:00+00:00,1.3613699999999986,1.3618599999999985,1.3604699999999983,1.3612199999999983,4723.283871462383
2026-04-29T22:00:00+00:00,1.3612199999999983,1.3623799999999984,1.3612199999999983,1.3621199999999984,2551
2026-04-29T23:00:00+00:00,1.3621199999999984,1.3630499999999983,1.3618699999999984,1.3629599999999982,3319.8675095173194
2026-04-30T00:00:00+00:00,1.3629599999999982,1.3636699999999982,1.3625599999999982,1.3625699999999983,12067
2026-04-30T01:00:00+00:00,1.3625699999999983,1.3627899999999982,1.3619499999999982,1.3623099999999984,10871
2026-04-30T02:00:00+00:00,1.3623099999999984,1.3625899999999982,1.3609599999999982,1.3615999999999981,11116
2026-04-30T03:00:00+00:00,1.3615999999999981,1.3620599999999983,1.3614499999999983,1.3617099999999982,8054
2026-04-30T04:00:00+00:00,1.3617099999999982,1.3617399999999982,1.3596699999999982,1.3602199999999982,10121
2026-04-30T05:00:00+00:00,1.3602199999999982,1.3609999999999982,1.3600499999999982,1.3600899999999982,10688
2026-04-30T06:00:00+00:00,1.3600899999999982,1.3619499999999982,1.3595399999999982,1.3614699999999982,15164
2026-04-30T07:00:00+00:00,1.3614699999999982,1.3633999999999982,1.3614399999999982,1.3627799999999983,17002
2026-04-30T08:00:00+00:00,1.3627799999999983,1.3641899999999982,1.3622599999999983,1.3625999999999983,20103
2026-04-30T09:00:00+00:00,1.3625999999999983,1.3646699999999983,1.3620299999999983,1.3643999999999983,19226
2026-04-30T10:00:00+00:00,1.3643999999999983,1.3670199999999983,1.3633999999999982,1.3669399999999983,30942
2026-04-30T11:00:00+00:00,1.3669399999999983,1.3676799999999982,1.3654999999999982,1.3658599999999983,34168
2026-04-30T12:00:00+00:00,1.3658599999999983,1.3660599999999983,1.3639899999999983,1.3654299999999981,23538
2026-04-30T13:00:00+00:00,1.3654299999999981,1.3662099999999981,1.3645799999999983,1.3656999999999984,26773
2026-04-30T14:00:00+00:00,1.3656999999999984,1.3732599999999981,1.3654399999999982,1.3723999999999983,39402
2026-04-30T15:00:00+00:00,1.3723999999999983,1.3735099999999982,1.3712499999999983,1.3719699999999984,24515
2026-04-30T16:00:00+00:00,1.3719699999999984,1.3729999999999982,1.3714399999999982,1.3719099999999982,12600
2026-04-30T17:00:00+00:00,1.3719099999999982,1.3728399999999983,1.3717399999999982,1.3722599999999983,13292
2026-04-30T18:00:00+00:00,1.3722599999999983,1.3748699999999983,1.3722599999999983,1.3743199999999982,10335
2026-04-30T19:00:00+00:00,1.3743199999999982,1.3753399999999982,1.3742099999999982,1.3745399999999983,10374
2026-04-30T20:00:00+00:00,1.3745399999999983,1.3750699999999982,1.3741699999999983,1.3745099999999983,6321
2026-04-30T21:00:00+00:00,1.3745099999999983,1.3745099999999983,1.3737299999999983,1.3740399999999986,918.7647511631516
2026-04-30T22:00:00+00:00,1.3740399999999986,1.3747299999999987,1.3740399999999986,1.3741699999999986,1136
2026-04-30T23:00:00+00:00,1.3741699999999986,1.3745099999999986,1.3740299999999988,1.3740299999999988,3233
2026-05-01T00:00:00+00:00,1.3740299999999988,1.3744799999999986,1.3737399999999986,1.3742099999999986,9565
2026-05-01T01:00:00+00:00,1.3742099999999986,1.3745399999999988,1.3737599999999988,1.3744499999999986,7803
2026-05-01T02:00:00+00:00,1.3744499999999986,1.3747399999999987,1.3739199999999987,1.3744399999999988,6157
2026-05-01T03:00:00+00:00,1.3744399999999988,1.3750299999999986,1.3738999999999986,1.3740399999999986,5597
2026-05-01T04:00:00+00:00,1.3740399999999986,1.3742899999999987,1.3733999999999986,1.3735499999999987,4616
2026-05-01T05:00:00+00:00,1.3735499999999987,1.3736299999999986,1.3726799999999986,1.3727299999999987,4755
2026-05-01T06:00:00+00:00,1.3727299999999987,1.3760999999999988,1.3725099999999986,1.3749199999999986,15479
2026-05-01T07:00:00+00:00,1.3749199999999986,1.3752799999999987,1.3737099999999987,1.3742999999999987,15447
2026-05-01T08:00:00+00:00,1.3742999999999987,1.3750199999999986,1.3738899999999987,1.3746599999999987,8839
2026-05-01T09:00:00+00:00,1.3746599999999987,1.3748199999999986,1.3729799999999988,1.3731199999999986,6461
2026-05-01T10:00:00+00:00,1.3731199999999986,1.3748299999999987,1.3729899999999986,1.3744299999999987,6360
2026-05-01T11:00:00+00:00,1.3744299999999987,1.3761099999999986,1.3744299999999987,1.3758299999999988,7368
2026-05-01T12:00:00+00:00,1.3758299999999988,1.3781299999999987,1.3753899999999986,1.3767999999999987,14774
2026-05-01T13:00:00+00:00,1.3767999999999987,1.3777899999999987,1.3754599999999986,1.3775099999999987,16908
2026-05-01T14:00:00+00:00,1.3775099999999987,1.3796099999999987,1.3755399999999987,1.3761599999999987,22279
2026-05-01T15:00:00+00:00,1.3761599999999987,1.3768599999999986,1.3752299999999986,1.3757299999999986,18496
2026-05-01T16:00:00+00:00,1.3757299999999986,1.3761599999999987,1.3736699999999986,1.3737199999999987,12977
2026-05-01T17:00:00+00:00,1.3737199999999987,1.3740199999999987,1.3726899999999986,1.3731699999999987,9359
2026-05-01T18:00:00+00:00,1.3731699999999987,1.3732999999999986,1.3713399999999987,1.3720799999999986,9963
2026-05-01T19:00:00+00:00,1.3720799999999986,1.3721599999999987,1.3711299999999986,1.3711599999999986,4294
2026-05-01T20:00:00+00:00,1.3711599999999986,1.3713299999999986,1.3701499999999986,1.3704699999999987,4988
2026-05-03T21:00:00+00:00,1.3704699999999987,1.3713699999999984,1.3704699999999987,1.371209999999998,219.35831311671257
2026-05-03T22:00:00+00:00,1.371209999999998,1.3714399999999982,1.3695299999999981,1.370059999999998,2876
2026-05-03T23:00:00+00:00,1.370059999999998,1.370159999999998,1.3691199999999981,1.369249999999998,3907
2026-05-04T00:00:00+00:00,1.369249999999998,1.3698699999999981,1.368609999999998,1.3697799999999982,10728
2026-05-04T01:00:00+00:00,1.3697799999999982,1.3699099999999982,1.368769999999998,1.3695599999999981,9396
2026-05-04T02:00:00+00:00,1.3695599999999981,1.3701199999999982,1.3690999999999982,1.3696699999999982,7195
2026-05-04T03:00:00+00:00,1.3696699999999982,1.3712699999999982,1.369379999999998,1.3708999999999982,13110
2026-05-04T04:00:00+00:00,1.3708999999999982,1.3710299999999982,1.369719999999998,1.3699199999999983,6347
2026-05-04T05:00:00+00:00,1.3699199999999983,1.370469999999998,1.369659999999998,1.3703499999999982,8041
2026-05-04T06:00:00+00:00,1.3703499999999982,1.370979999999998,1.3686999999999983,1.369209999999998,12451
2026-05-04T07:00:00+00:00,1.369209999999998,1.3692299999999982,1.3674299999999981,1.3677399999999982,11870
2026-05-04T08:00:00+00:00,1.3677399999999982,1.367859999999998,1.367049999999998,1.367219999999998,10104
2026-05-04T09:00:00+00:00,1.367219999999998,1.3677699999999982,1.3667899999999982,1.3670299999999982,8216
2026-05-04T10:00:00+00:00,1.3670299999999982,1.3670999999999982,1.3634699999999982,1.3656799999999982,27426
2026-05-04T11:00:00+00:00,1.3656799999999982,1.366229999999998,1.3645199999999982,1.365249999999998,13635
2026-05-04T12:00:00+00:00,1.365249999999998,1.367479999999998,1.3650299999999982,1.3668499999999981,14528
2026-05-04T13:00:00+00:00,1.3668499999999981,1.367889999999998,1.365959999999998,1.3671399999999982,20563
2026-05-04T14:00:00+00:00,1.3671399999999982,1.368059999999998,1.366159999999998,1.3664899999999982,17267
2026-05-04T15:00:00+00:00,1.3664899999999982,1.3670599999999982,1.3636299999999981,1.3644099999999981,28493
2026-05-04T16:00:00+00:00,1.3644099999999981,1.3647899999999982,1.362369999999998,1.3630199999999981,23226
2026-05-04T17:00:00+00:00,1.3630199999999981,1.3651299999999982,1.3629999999999982,1.364439999999998,12425
2026-05-04T18:00:00+00:00,1.364439999999998,1.3648499999999981,1.3636699999999982,1.364839999999998,9479
2026-05-04T19:00:00+00:00,1.364839999999998,1.3653599999999981,1.3642899999999982,1.364839999999998,10968
2026-05-04T20:00:00+00:00,1.364839999999998,1.3648499999999981,1.363819999999998,1.364199999999998,5172
2026-05-04T21:00:00+00:00,1.364199999999998,1.3642499999999982,1.362049999999998,1.363099999999998,2853.330377106846
2026-05-04T22:00:00+00:00,1.363099999999998,1.363509999999998,1.363049999999998,1.3631999999999982,1295
2026-05-04T23:00:00+00:00,1.3631999999999982,1.3636399999999982,1.3631899999999981,1.363539999999998,1880
2026-05-05T00:00:00+00:00,1.363539999999998,1.3638999999999981,1.3627199999999982,1.3628899999999982,5647
2026-05-05T01:00:00+00:00,1.3628899999999982,1.363109999999998,1.362189999999998,1.3629899999999981,6440
2026-05-05T02:00:00+00:00,1.3629899999999981,1.363579999999998,1.362899999999998,1.3629899999999981,4613
2026-05-05T03:00:00+00:00,1.3629899999999981,1.363149999999998,1.3625199999999982,1.362539999999998,3605
2026-05-05T04:00:00+00:00,1.362539999999998,1.3631999999999982,1.361889999999998,1.361989999999998,5144
2026-05-05T05:00:00+00:00,1.361989999999998,1.362929999999998,1.361779999999998,1.362319999999998,6857
2026-05-05T06:00:00+00:00,1.362319999999998,1.363999999999998,1.361879999999998,1.363539999999998,11898
2026-05-05T07:00:00+00:00,1.363539999999998,1.3651999999999982,1.3635299999999981,1.364219999999998,11976
2026-05-05T08:00:00+00:00,1.364219999999998,1.365479999999998,1.364169999999998,1.364629999999998,9741
2026-05-05T09:00:00+00:00,1.364629999999998,1.3651199999999981,1.3636299999999981,1.364629999999998,13878
2026-05-05T10:00:00+00:00,1.364629999999998,1.365549999999998,1.3642399999999981,1.3649899999999981,8443
2026-05-05T11:00:00+00:00,1.3649899999999981,1.365109999999998,1.363509999999998,1.3645099999999981,10097
2026-05-05T12:00:00+00:00,1.3645099999999981,1.365389999999998,1.363609999999998,1.364799999999998,13759
2026-05-05T13:00:00+00:00,1.364799999999998,1.3663499999999982,1.3647599999999982,1.365549999999998,13835
2026-05-05T14:00:00+00:00,1.365549999999998,1.3671999999999982,1.365349999999998,1.3668599999999982,23694
2026-05-05T15:00:00+00:00,1.3668599999999982,1.368259999999998,1.3665799999999981,1.3677999999999981,13852
2026-05-05T16:00:00+00:00,1.3677999999999981,1.3680399999999981,1.365879999999998,1.366019999999998,8987
2026-05-05T17:00:00+00:00,1.366019999999998,1.366329999999998,1.365169999999998,1.365489999999998,8234
2026-05-05T18:00:00+00:00,1.365489999999998,1.365759999999998,1.364999999999998,1.3652999999999982,5605
2026-05-05T19:00:00+00:00,1.3652999999999982,1.365509999999998,1.3644799999999981,1.364709999999998,5367
2026-05-05T20:00:00+00:00,1.364709999999998,1.364869999999998,1.364119999999998,1.3641799999999982,3160
2026-05-05T21:00:00+00:00,1.3641799999999982,1.3653999999999982,1.363509999999998,1.364229999999998,2348.335306654142
2026-05-05T22:00:00+00:00,1.364229999999998,1.366469999999998,1.3642099999999981,1.3661099999999982,4661
2026-05-05T23:00:00+00:00,1.3661099999999982,1.368429999999998,1.3660799999999982,1.367209999999998,7860
2026-05-06T00:00:00+00:00,1.367209999999998,1.368149999999998,1.3668899999999982,1.3678699999999981,11658
2026-05-06T01:00:00+00:00,1.3678699999999981,1.3684199999999982,1.367649999999998,1.367789999999998,8645
2026-05-06T02:00:00+00:00,1.367789999999998,1.3682099999999981,1.3670299999999982,1.367269999999998,6059
2026-05-06T03:00:00+00:00,1.367269999999998,1.367589999999998,1.366769999999998,1.3668899999999982,6516
2026-05-06T04:00:00+00:00,1.3668899999999982,1.369949999999998,1.366729999999998,1.369339999999998,22124
2026-05-06T05:00:00+00:00,1.369339999999998,1.369539999999998,1.3686899999999982,1.3690299999999982,10091
2026-05-06T06:00:00+00:00,1.3690299999999982,1.3694299999999981,1.3685199999999982,1.369279999999998,11736
2026-05-06T07:00:00+00:00,1.369279999999998,1.3703399999999981,1.368769999999998,1.370269999999998,14980
2026-05-06T08:00:00+00:00,1.370269999999998,1.373859999999998,1.369609999999998,1.372999999999998,21529
2026-05-06T09:00:00+00:00,1.372999999999998,1.373309999999998,1.3717999999999981,1.373009999999998,16653
2026-05-06T10:00:00+00:00,1.373009999999998,1.3747499999999981,1.371809999999998,1.374099999999998,18018
2026-05-06T11:00:00+00:00,1.374099999999998,1.3746099999999981,1.372429999999998,1.3727499999999981,20031
2026-05-06T12:00:00+00:00,1.3727499999999981,1.3728199999999982,1.3711899999999981,1.3715699999999982,19494
2026-05-06T13:00:00+00:00,1.3715699999999982,1.372149999999998,1.370489999999998,1.371199999999998,21838
2026-05-06T14:00:00+00:00,1.371199999999998,1.3723499999999982,1.370289999999998,1.3708199999999982,19484
2026-05-06T15:00:00+00:00,1.3708199999999982,1.370869999999998,1.3698099999999982,1.369929999999998,15821
2026-05-06T16:00:00+00:00,1.369929999999998,1.3700399999999981,1.3682399999999981,1.368759999999998,12028
2026-05-06T17:00:00+00:00,1.368759999999998,1.370369999999998,1.368559999999998,1.3696399999999982,9275
2026-05-06T18:00:00+00:00,1.3696399999999982,1.3701399999999981,1.3692999999999982,1.3698099999999982,7574
2026-05-06T19:00:00+00:00,1.3698099999999982,1.370329999999998,1.369619999999998,1.369749999999998,7720
2026-05-06T20:00:00+00:00,1.369749999999998,1.369979999999998,1.369379999999998,1.369609999999998,3829
2026-05-06T21:00:00+00:00,1.369609999999998,1.3696299999999986,1.3685199999999982,1.3692299999999986,2026.2934118198232
2026-05-06T22:00:00+00:00,1.3692299999999986,1.3697299999999986,1.3690899999999986,1.3696899999999985,1533
2026-05-06T23:00:00+00:00,1.3696899999999985,1.3698999999999983,1.3692999999999984,1.3693599999999984,1903.4899355877617
2026-05-07T00:00:00+00:00,1.3693599999999984,1.3701699999999983,1.3692099999999983,1.3694699999999984,11151
2026-05-07T01:00:00+00:00,1.3694699999999984,1.3710799999999983,1.3692599999999984,1.3707399999999983,9771
2026-05-07T02:00:00+00:00,1.3707399999999983,1.3710799999999983,1.3703099999999984,1.3706099999999983,6741
2026-05-07T03:00:00+00:00,1.3706099999999983,1.3706099999999983,1.3695399999999982,1.3695499999999983,4811
2026-05-07T04:00:00+00:00,1.3695499999999983,1.3703699999999983,1.3693799999999983,1.3700099999999984,4571
2026-05-07T05:00:00+00:00,1.3700099999999984,1.3702499999999984,1.3696399999999984,1.3696999999999984,5276
2026-05-07T06:00:00+00:00,1.3696999999999984,1.3710999999999982,1.3693499999999983,1.3702599999999983,12169
2026-05-07T07:00:00+00:00,1.3702599999999983,1.3726899999999984,1.3702299999999983,1.3723299999999983,16928
2026-05-07T08:00:00+00:00,1.3723299999999983,1.3726999999999983,1.3717199999999983,1.3724399999999983,11529
2026-05-07T09:00:00+00:00,1.3724399999999983,1.3726499999999984,1.3719699999999984,1.3721399999999984,8363
2026-05-07T10:00:00+00:00,1.3721399999999984,1.3732899999999983,1.3719399999999984,1.3722399999999983,9706
2026-05-07T11:00:00+00:00,1.3722399999999983,1.3726799999999983,1.3711899999999984,1.3720299999999983,10545
2026-05-07T12:00:00+00:00,1.3720299999999983,1.3731399999999983,1.3719399999999984,1.3725899999999982,12698
2026-05-07T13:00:00+00:00,1.3725899999999982,1.3731399999999983,1.3717999999999984,1.3721599999999983,17323
2026-05-07T14:00:00+00:00,1.3721599999999983,1.3733699999999982,1.3716399999999982,1.3732599999999984,16762
2026-05-07T15:00:00+00:00,1.3732599999999984,1.3734899999999983,1.3709499999999983,1.3710399999999983,18003
2026-05-07T16:00:00+00:00,1.3710399999999983,1.3712399999999982,1.3693199999999983,1.3696599999999983,15912
2026-05-07T17:00:00+00:00,1.3696599999999983,1.3697599999999983,1.3671399999999982,1.3685299999999982,19610
2026-05-07T18:00:00+00:00,1.3685299999999982,1.3687299999999982,1.3672399999999982,1.3682699999999983,14166
2026-05-07T19:00:00+00:00,1.3682699999999983,1.3687199999999984,1.3664299999999983,1.3664799999999984,14130
2026-05-07T20:00:00+00:00,1.3664799999999984,1.3678099999999984,1.3649599999999984,1.3653899999999983,11434
2026-05-07T21:00:00+00:00,1.3653899999999983,1.3656099999999984,1.3647399999999983,1.3652299999999984,1010.257520661268
2026-05-07T22:00:00+00:00,1.3652299999999984,1.3658399999999984,1.3651099999999983,1.3651299999999984,3121
2026-05-07T23:00:00+00:00,1.3651299999999984,1.3660199999999985,1.3651299999999984,1.3659499999999984,2304
2026-05-08T00:00:00+00:00,1.3659499999999984,1.3665099999999983,1.3652999999999984,1.3654999999999984,9242
2026-05-08T01:00:00+00:00,1.3654999999999984,1.3663399999999983,1.3654999999999984,1.3662599999999985,7974
2026-05-08T02:00:00+00:00,1.3662599999999985,1.3664899999999984,1.3653999999999984,1.3660299999999983,8103
2026-05-08T03:00:00+00:00,1.3660299999999983,1.3664299999999985,1.3657199999999983,1.3658599999999983,5257
2026-05-08T04:00:00+00:00,1.3658599999999983,1.3672699999999984,1.3653499999999983,1.3669299999999984,6018
2026-05-08T05:00:00+00:00,1.3669299999999984,1.3681299999999983,1.3669099999999983,1.3678199999999985,6376
2026-05-08T06:00:00+00:00,1.3678199999999985,1.3694599999999983,1.3676899999999983,1.3689899999999984,10156
2026-05-08T07:00:00+00:00,1.3689899999999984,1.3693299999999984,1.3681999999999983,1.3685999999999985,9238
2026-05-08T08:00:00+00:00,1.3685999999999985,1.3719499999999984,1.3682999999999983,1.3717699999999984,10843
2026-05-08T09:00:00+00:00,1.3717699999999984,1.3726999999999985,1.3716499999999985,1.3719099999999984,7332
2026-05-08T10:00:00+00:00,1.3719099999999984,1.3723199999999984,1.3706399999999983,1.3707399999999983,7358
2026-05-08T11:00:00+00:00,1.3707399999999983,1.3717599999999983,1.3704599999999985,1.3717099999999984,8636
2026-05-08T12:00:00+00:00,1.3717099999999984,1.3728699999999985,1.3699499999999984,1.3718299999999983,14928
2026-05-08T13:00:00+00:00,1.3718299999999983,1.3735199999999983,1.3710299999999984,1.3729499999999983,16805
2026-05-08T14:00:00+00:00,1.3729499999999983,1.3732099999999983,1.3714099999999985,1.3729399999999983,15944
2026-05-08T15:00:00+00:00,1.3729399999999983,1.3733699999999984,1.3721299999999983,1.3727799999999983,15112
2026-05-08T16:00:00+00:00,1.3727799999999983,1.3734999999999984,1.3720099999999984,1.3721299999999983,8543
2026-05-08T17:00:00+00:00,1.3721299999999983,1.3727799999999983,1.3720399999999984,1.3723999999999983,6252
2026-05-08T18:00:00+00:00,1.3723999999999983,1.3734999999999984,1.3722199999999984,1.3726099999999983,7758
2026-05-08T19:00:00+00:00,1.3726099999999983,1.3733299999999984,1.3725599999999984,1.3732399999999985,6522
2026-05-08T20:00:00+00:00,1.3732399999999985,1.3740599999999983,1.3723999999999983,1.3731799999999983,4282
2026-05-10T21:00:00+00:00,1.3731799999999983,1.3770399999999983,1.3731799999999983,1.3751599999999982,1703.8987327701202
2026-05-10T22:00:00+00:00,1.3751599999999982,1.3778199999999983,1.3751599999999982,1.3777999999999981,4380
2026-05-10T23:00:00+00:00,1.3777999999999981,1.3785899999999982,1.3777999999999981,1.3782999999999983,3147
2026-05-11T00:00:00+00:00,1.3782999999999983,1.3789799999999983,1.3779599999999983,1.3787699999999983,10065
2026-05-11T01:00:00+00:00,1.3787699999999983,1.3789499999999981,1.3778699999999982,1.3781799999999982,9688
2026-05-11T02:00:00+00:00,1.3781799999999982,1.3786999999999983,1.3778899999999983,1.3779199999999983,6212
2026-05-11T03:00:00+00:00,1.3779199999999983,1.3782499999999982,1.3777199999999983,1.3777999999999981,6528
2026-05-11T04:00:00+00:00,1.3777999999999981,1.3779099999999982,1.3767999999999982,1.3769799999999983,4273
2026-05-11T05:00:00+00:00,1.3769799999999983,1.3777399999999982,1.3768599999999982,1.3772599999999982,5577
2026-05-11T06:00:00+00:00,1.3772599999999982,1.3787699999999983,1.3769399999999983,1.3787499999999981,10129
2026-05-11T07:00:00+00:00,1.3787499999999981,1.3792399999999982,1.3785099999999981,1.3788799999999983,9249
2026-05-11T08:00:00+00:00,1.3788799999999983,1.3803299999999983,1.3787199999999982,1.379659999999998,9186
2026-05-11T09:00:00+00:00,1.379659999999998,1.3801099999999982,1.3787799999999981,1.3788099999999983,6795
2026-05-11T10:00:00+00:00,1.3788099999999983,1.3793199999999983,1.3774599999999981,1.3777399999999982,12499
2026-05-11T11:00:00+00:00,1.3777399999999982,1.3803399999999981,1.3776699999999982,1.3795799999999983,11990
2026-05-11T12:00:00+00:00,1.3795799999999983,1.3804599999999982,1.3788499999999981,1.3799799999999982,12062
2026-05-11T13:00:00+00:00,1.3799799999999982,1.3818399999999982,1.3799599999999983,1.3812499999999983,12332
2026-05-11T14:00:00+00:00,1.3812499999999983,1.3828199999999982,1.3805799999999981,1.3827899999999982,16096
2026-05-11T15:00:00+00:00,1.3827899999999982,1.3842199999999982,1.3826099999999981,1.3838399999999982,14626
2026-05-11T16:00:00+00:00,1.3838399999999982,1.3838599999999983,1.3826499999999982,1.3829799999999983,9863
2026-05-11T17:00:00+00:00,1.3829799999999983,1.3833999999999982,1.3824599999999982,1.3831399999999983,8175
2026-05-11T18:00:00+00:00,1.3831399999999983,1.3832999999999982,1.3815899999999983,1.3817499999999983,6890
2026-05-11T19:00:00+00:00,1.3817499999999983,1.3818599999999983,1.3805399999999983,1.3806699999999983,7253
2026-05-11T20:00:00+00:00,1.3806699999999983,1.3808699999999983,1.3795599999999981,1.3797499999999983,5002
2026-05-11T21:00:00+00:00,1.3797499999999983,1.3797499999999983,1.3790999999999982,1.379379999999998,723.0380653910755
2026-05-11T22:00:00+00:00,1.379379999999998,1.379819999999998,1.379379999999998,1.3795999999999982,1622.7226907236713
2026-05-11T23:00:00+00:00,1.3795999999999982,1.3798799999999982,1.3791799999999983,1.3792899999999981,1949.240471148756
2026-05-12T00:00:00+00:00,1.3792899999999981,1.3793499999999983,1.3781699999999981,1.3782799999999982,6940
2026-05-12T01:00:00+00:00,1.3782799999999982,1.3784499999999982,1.3768699999999983,1.3775699999999982,9884
2026-05-12T02:00:00+00:00,1.3775699999999982,1.3781299999999983,1.3773999999999982,1.3779299999999983,5823
2026-05-12T03:00:00+00:00,1.3779299999999983,1.3780499999999982,1.3770199999999981,1.3771799999999983,5116
2026-05-12T04:00:00+00:00,1.3771799999999983,1.3775499999999983,1.3768499999999981,1.3773199999999983,4690
2026-05-12T05:00:00+00:00,1.3773199999999983,1.3774699999999982,1.3757399999999982,1.3762699999999983,8894
2026-05-12T06:00:00+00:00,1.3762699999999983,1.3768599999999982,1.3733099999999983,1.3733999999999982,12665
2026-05-12T07:00:00+00:00,1.3733999999999982,1.3738899999999983,1.3703099999999981,1.3706999999999983,15377
2026-05-12T08:00:00+00:00,1.3706999999999983,1.3724999999999983,1.3690999999999982,1.3718699999999981,19777
2026-05-12T09:00:00+00:00,1.3718699999999981,1.3737299999999981,1.3711199999999981,1.3727999999999982,15860
2026-05-12T10:00:00+00:00,1.3727999999999982,1.3741899999999982,1.3721499999999982,1.3721999999999983,9314
2026-05-12T11:00:00+00:00,1.3721999999999983,1.3733999999999982,1.3711499999999983,1.3721099999999982,13377
2026-05-12T12:00:00+00:00,1.3721099999999982,1.3731899999999981,1.3701699999999981,1.3726099999999983,16156
2026-05-12T13:00:00+00:00,1.3726099999999983,1.3731599999999982,1.3695999999999982,1.3699199999999983,21285
2026-05-12T14:00:00+00:00,1.3699199999999983,1.3725899999999982,1.3699199999999983,1.3713099999999983,21082
2026-05-12T15:00:00+00:00,1.3713099999999983,1.3717599999999983,1.3688799999999983,1.3715399999999982,19547
2026-05-12T16:00:00+00:00,1.3715399999999982,1.3719399999999982,1.3703799999999982,1.3706999999999983,11767
2026-05-12T17:00:00+00:00,1.3706999999999983,1.3717199999999983,1.3706099999999983,1.3711899999999981,9349
2026-05-12T18:00:00+00:00,1.3711899999999981,1.3721899999999982,1.3705099999999981,1.3720499999999982,9219
2026-05-12T19:00:00+00:00,1.3720499999999982,1.3732999999999982,1.3720499999999982,1.3728499999999981,7472
2026-05-12T20:00:00+00:00,1.3728499999999981,1.3730199999999981,1.3724699999999983,1.3727899999999982,4073
2026-05-12T21:00:00+00:00,1.3727899999999982,1.3727899999999982,1.3715499999999983,1.3722899999999982,1163.9579007698815
2026-05-12T22:00:00+00:00,1.3722899999999982,1.3730999999999982,1.3721699999999983,1.3728899999999984,1252
2026-05-12T23:00:00+00:00,1.3728899999999984,1.3731199999999983,1.3723399999999983,1.3723999999999983,2042
2026-05-13T00:00:00+00:00,1.3723999999999983,1.3727999999999982,1.3719099999999982,1.3725199999999982,9030
2026-05-13T01:00:00+00:00,1.3725199999999982,1.3734099999999982,1.3717099999999982,1.3730199999999984,8904
2026-05-13T02:00:00+00:00,1.3730199999999984,1.3735199999999983,1.3725699999999983,1.3726999999999983,5882
2026-05-13T03:00:00+00:00,1.3726999999999983,1.3728899999999984,1.3719799999999982,1.3726799999999983,5900
2026-05-13T04:00:00+00:00,1.3726799999999983,1.3727199999999984,1.3720599999999983,1.3722899999999982,3818
2026-05-13T05:00:00+00:00,1.3722899999999982,1.3738199999999983,1.3722499999999982,1.3737199999999983,6792
2026-05-13T06:00:00+00:00,1.3737199999999983,1.3740099999999982,1.3712199999999983,1.3716999999999984,10100
2026-05-13T07:00:00+00:00,1.3716999999999984,1.3726099999999983,1.3708799999999983,1.3709499999999983,12125
2026-05-13T08:00:00+00:00,1.3709499999999983,1.3722399999999983,1.3707699999999983,1.3712999999999982,10198
2026-05-13T09:00:00+00:00,1.3712999999999982,1.3713899999999983,1.3695599999999983,1.3706699999999983,9776
2026-05-13T10:00:00+00:00,1.3706699999999983,1.3710599999999984,1.3682799999999984,1.3695999999999984,19289
2026-05-13T11:00:00+00:00,1.3695999999999984,1.3699199999999983,1.3688299999999982,1.3692599999999984,9028
2026-05-13T12:00:00+00:00,1.3692599999999984,1.3699199999999983,1.3673399999999982,1.3678899999999983,11372
2026-05-13T13:00:00+00:00,1.3678899999999983,1.3706599999999982,1.3678899999999983,1.3702899999999982,16747
2026-05-13T14:00:00+00:00,1.3702899999999982,1.3709399999999983,1.3693599999999984,1.3702299999999983,15554
2026-05-13T15:00:00+00:00,1.3702299999999983,1.3718099999999982,1.3701299999999983,1.3707999999999982,12029
2026-05-13T16:00:00+00:00,1.3707999999999982,1.3716599999999983,1.3701099999999984,1.3704099999999984,11222
2026-05-13T17:00:00+00:00,1.3704099999999984,1.3708299999999982,1.3699799999999982,1.3701199999999982,6443
2026-05-13T18:00:00+00:00,1.3701199999999982,1.3709199999999984,1.3700299999999983,1.3706999999999983,8233
2026-05-13T19:00:00+00:00,1.3706999999999983,1.3713099999999985,1.3706899999999984,1.3711299999999984,7178.350251553714
2026-05-13T20:00:00+00:00,1.3711299999999984,1.3715399999999984,1.3709099999999985,1.3711199999999983,4482
2026-05-13T21:00:00+00:00,1.3711199999999983,1.3711299999999984,1.3703999999999985,1.3705399999999985,1759.5905312143386
2026-05-13T22:00:00+00:00,1.3705399999999985,1.3719499999999987,1.3705399999999985,1.3714599999999986,1595
2026-05-13T23:00:00+00:00,1.3714599999999986,1.3716799999999987,1.3711199999999986,1.3714499999999985,2258
2026-05-14T00:00:00+00:00,1.3714499999999985,1.3720199999999985,1.3712599999999984,1.3717199999999985,5593
2026-05-14T01:00:00+00:00,1.3717199999999985,1.3718999999999983,1.3708399999999985,1.3709899999999984,7337
2026-05-14T02:00:00+00:00,1.3709899999999984,1.3713999999999984,1.3709199999999984,1.3710999999999984,5142
2026-05-14T03:00:00+00:00,1.3710999999999984,1.3717499999999985,1.3709999999999984,1.3714499999999985,4977
2026-05-14T04:00:00+00:00,1.3714499999999985,1.3720299999999983,1.3712699999999984,1.3715799999999985,5097
2026-05-14T05:00:00+00:00,1.3715799999999985,1.3716799999999985,1.3702299999999985,1.3703299999999985,7110
2026-05-14T06:00:00+00:00,1.3703299999999985,1.3719899999999985,1.3702799999999984,1.3715099999999985,9745
2026-05-14T07:00:00+00:00,1.3715099999999985,1.3715099999999985,1.3692399999999985,1.3693699999999984,10795
2026-05-14T08:00:00+00:00,1.3693699999999984,1.3708399999999985,1.3690899999999984,1.3707399999999983,8847
2026-05-14T09:00:00+00:00,1.3707399999999983,1.3708399999999985,1.3697499999999985,1.3698999999999983,8028
2026-05-14T10:00:00+00:00,1.3698999999999983,1.3708199999999984,1.3696899999999983,1.3699399999999984,8443
2026-05-14T11:00:00+00:00,1.3699399999999984,1.3704999999999985,1.3683399999999983,1.3687599999999984,8618
2026-05-14T12:00:00+00:00,1.3687599999999984,1.3705899999999984,1.3684099999999983,1.3695299999999984,11573
2026-05-14T13:00:00+00:00,1.3695299999999984,1.3697699999999984,1.3676899999999983,1.3687799999999983,17047
2026-05-14T14:00:00+00:00,1.3687799999999983,1.3700499999999984,1.3671199999999983,1.3671599999999984,15338
2026-05-14T15:00:00+00:00,1.3671599999999984,1.3674999999999984,1.3660699999999983,1.3665599999999984,11800
2026-05-14T16:00:00+00:00,1.3665599999999984,1.3666599999999984,1.3619599999999985,1.3630799999999983,17151
2026-05-14T17:00:00+00:00,1.3630799999999983,1.3633899999999983,1.3597599999999983,1.3597999999999983,11733
2026-05-14T18:00:00+00:00,1.3597999999999983,1.3597999999999983,1.3582699999999983,1.3593199999999983,8965
2026-05-14T19:00:00+00:00,1.3593199999999983,1.3596099999999984,1.3583899999999984,1.3587499999999983,6553
2026-05-14T20:00:00+00:00,1.3587499999999983,1.3590599999999984,1.3582999999999985,1.3589399999999985,4352
2026-05-14T21:00:00+00:00,1.3589399999999985,1.3591399999999985,1.3581799999999984,1.3587999999999985,1684.5042171777288
2026-05-14T22:00:00+00:00,1.3587999999999985,1.3589899999999984,1.3585099999999983,1.3586799999999983,1395
2026-05-14T23:00:00+00:00,1.3586799999999983,1.3586899999999984,1.3572499999999983,1.3578399999999984,4060
2026-05-15T00:00:00+00:00,1.3578399999999984,1.3580099999999984,1.3562099999999984,1.3567899999999984,10982
2026-05-15T01:00:00+00:00,1.3567899999999984,1.3569699999999985,1.3551999999999984,1.3554399999999984,11259
2026-05-15T02:00:00+00:00,1.3554399999999984,1.3567899999999984,1.3551499999999983,1.3562899999999984,7554
2026-05-15T03:00:00+00:00,1.3562899999999984,1.3564899999999984,1.3560399999999984,1.3563799999999984,6079
2026-05-15T04:00:00+00:00,1.3563799999999984,1.3563799999999984,1.3550499999999983,1.3550999999999984,5110
2026-05-15T05:00:00+00:00,1.3550999999999984,1.3551099999999985,1.3527999999999984,1.3529899999999984,11340
2026-05-15T06:00:00+00:00,1.3529899999999984,1.3547199999999984,1.3522699999999983,1.3538299999999983,17697
2026-05-15T07:00:00+00:00,1.3538299999999983,1.3563199999999984,1.3533099999999985,1.3552099999999985,16601
2026-05-15T08:00:00+00:00,1.3552099999999985,1.3554199999999983,1.3529399999999985,1.3533699999999984,14685
2026-05-15T09:00:00+00:00,1.3533699999999984,1.3539199999999985,1.3515599999999983,1.3535699999999984,15396
2026-05-15T10:00:00+00:00,1.3535699999999984,1.3580999999999983,1.3535699999999984,1.3570299999999984,15371
2026-05-15T11:00:00+00:00,1.3570299999999984,1.3572099999999985,1.3546499999999984,1.3547399999999983,11769
2026-05-15T12:00:00+00:00,1.3547399999999983,1.3550199999999983,1.3528299999999984,1.3540899999999985,14369
2026-05-15T13:00:00+00:00,1.3540899999999985,1.3550999999999984,1.3524999999999985,1.3528799999999983,21478
2026-05-15T14:00:00+00:00,1.3528799999999983,1.3550099999999985,1.3522999999999983,1.3531899999999983,24562
2026-05-15T15:00:00+00:00,1.3531899999999983,1.3533799999999985,1.3503899999999984,1.3518199999999985,19283
2026-05-15T16:00:00+00:00,1.3518199999999985,1.3523299999999985,1.3507999999999984,1.3518199999999985,14161
2026-05-15T17:00:00+00:00,1.3518199999999985,1.3526199999999984,1.3512199999999983,1.3515899999999983,10985
2026-05-15T18:00:00+00:00,1.3515899999999983,1.3517699999999984,1.3505699999999985,1.3509399999999985,11731
2026-05-15T19:00:00+00:00,1.3509399999999985,1.3512199999999983,1.3503699999999983,1.3506299999999984,4966
2026-05-15T20:00:00+00:00,1.3506299999999984,1.3510399999999985,1.33188,1.33188,3953
2026-05-17T21:00:00+00:00,1.33188,1.3325399999999998,1.33184,1.3320999999999998,391.0165751682455
2026-05-17T22:00:00+00:00,1.3320999999999998,1.3324299999999998,1.3312699999999997,1.3319099999999997,3151
2026-05-17T23:00:00+00:00,1.3319099999999997,1.3323999999999998,1.3310199999999999,1.3312199999999998,6158
2026-05-18T00:00:00+00:00,1.3312199999999998,1.3321299999999998,1.3307499999999997,1.3311599999999997,14824
2026-05-18T01:00:00+00:00,1.3311599999999997,1.3316099999999997,1.3304899999999997,1.3314099999999998,13101
2026-05-18T02:00:00+00:00,1.3314099999999998,1.3318999999999999,1.3307999999999998,1.3310899999999997,9228
2026-05-18T03:00:00+00:00,1.3310899999999997,1.3318099999999997,1.3309899999999997,1.3315699999999997,8602.599320926196
2026-05-18T04:00:00+00:00,1.3315699999999997,1.3322199999999997,1.3314899999999998,1.3318099999999997,8573
2026-05-18T05:00:00+00:00,1.3318099999999997,1.3327999999999998,1.3315799999999998,1.3325699999999998,9568
2026-05-18T06:00:00+00:00,1.3325699999999998,1.3360999999999998,1.3324399999999998,1.3358299999999999,12939
2026-05-18T07:00:00+00:00,1.3358299999999999,1.3361099999999997,1.3345699999999998,1.3355199999999998,14065
2026-05-18T08:00:00+00:00,1.3355199999999998,1.3386999999999998,1.3352799999999998,1.3379699999999997,11823
2026-05-18T09:00:00+00:00,1.3379699999999997,1.3380499999999997,1.3363199999999997,1.3364899999999997,9320
2026-05-18T10:00:00+00:00,1.3364899999999997,1.3370199999999999,1.3349199999999997,1.3350099999999998,10150
2026-05-18T11:00:00+00:00,1.3350099999999998,1.3384399999999999,1.3349899999999997,1.3378999999999999,18889
2026-05-18T12:00:00+00:00,1.3378999999999999,1.3405599999999998,1.3377799999999997,1.3397999999999999,18235
2026-05-18T13:00:00+00:00,1.3397999999999999,1.3404299999999998,1.3382799999999997,1.3393799999999998,21309
2026-05-18T14:00:00+00:00,1.3393799999999998,1.3402799999999997,1.3383899999999997,1.3396799999999998,19324
2026-05-18T15:00:00+00:00,1.3396799999999998,1.3430099999999998,1.3384599999999998,1.3420899999999998,21401
2026-05-18T16:00:00+00:00,1.3420899999999998,1.3452099999999998,1.3417799999999998,1.3432099999999998,17135
2026-05-18T17:00:00+00:00,1.3432099999999998,1.3437299999999999,1.3424799999999997,1.3424899999999997,10310
2026-05-18T18:00:00+00:00,1.3424899999999997,1.3425899999999997,1.3404099999999999,1.3404699999999998,11388
2026-05-18T19:00:00+00:00,1.3404699999999998,1.3437399999999997,1.3403099999999997,1.3432699999999997,20601
2026-05-18T20:00:00+00:00,1.3432699999999997,1.3441799999999997,1.3432199999999999,1.3434899999999999,9776
2026-05-18T21:00:00+00:00,1.3434899999999999,1.3434999999999997,1.3422799999999997,1.3425899999999997,1373
2026-05-18T22:00:00+00:00,1.3425899999999997,1.3439799999999997,1.3425899999999997,1.3436599999999999,1478
2026-05-18T23:00:00+00:00,1.3436599999999999,1.3439199999999998,1.3433899999999999,1.3434199999999998,2694
2026-05-19T00:00:00+00:00,1.3434199999999998,1.3437099999999997,1.3421699999999999,1.3422199999999997,11399
2026-05-19T01:00:00+00:00,1.3422199999999997,1.3427499999999997,1.3415799999999998,1.3419599999999998,9860
2026-05-19T02:00:00+00:00,1.3419599999999998,1.3420899999999998,1.3411599999999997,1.3418699999999997,8499
2026-05-19T03:00:00+00:00,1.3418699999999997,1.3421799999999997,1.3415499999999996,1.3416199999999996,6399
2026-05-19T04:00:00+00:00,1.3416199999999996,1.3418099999999995,1.3408799999999996,1.3409199999999997,6363
2026-05-19T05:00:00+00:00,1.3409199999999997,1.3419999999999999,1.3402699999999996,1.34184,8912
2026-05-19T06:00:00+00:00,1.34184,1.3419299999999998,1.3399799999999997,1.3402599999999998,13030
2026-05-19T07:00:00+00:00,1.3402599999999998,1.3409499999999999,1.3392799999999998,1.34048,13427
2026-05-19T08:00:00+00:00,1.34048,1.3405099999999999,1.3391799999999998,1.3395599999999999,12982
2026-05-19T09:00:00+00:00,1.3395599999999999,1.34106,1.33899,1.34101,10608
2026-05-19T10:00:00+00:00,1.34101,1.34185,1.3396,1.34099,12065
2026-05-19T11:00:00+00:00,1.34099,1.34121,1.3405,1.34056,11763
2026-05-19T12:00:00+00:00,1.34056,1.34222,1.3404699999999998,1.34101,13613
2026-05-19T13:00:00+00:00,1.34101,1.3410199999999999,1.33886,1.3404399999999999,20628
2026-05-19T14:00:00+00:00,1.3404399999999999,1.34052,1.33811,1.3395199999999998,25770
2026-05-19T15:00:00+00:00,1.3395199999999998,1.34039,1.33916,1.3401399999999999,16568
2026-05-19T16:00:00+00:00,1.3401399999999999,1.3405099999999999,1.33907,1.3401999999999998,13788
2026-05-19T17:00:00+00:00,1.3401999999999998,1.3414899999999998,1.3401999999999998,1.3411,8156
2026-05-19T18:00:00+00:00,1.3411,1.3414199999999998,1.33995,1.34001,9672
2026-05-19T19:00:00+00:00,1.34001,1.34065,1.3399299999999998,1.34029,8780
2026-05-19T20:00:00+00:00,1.34029,1.3405699999999998,1.3395899999999998,1.3396899999999998,4480
2026-05-19T21:00:00+00:00,1.3396899999999998,1.3402399999999999,1.3390499999999999,1.34004,4026.3364504461433
2026-05-19T22:00:00+00:00,1.34004,1.34006,1.3397599999999998,1.33999,1906.056105924938
2026-05-19T23:00:00+00:00,1.33999,1.34068,1.33982,1.33983,3466
2026-05-20T00:00:00+00:00,1.33983,1.34045,1.339,1.33921,13888
2026-05-20T01:00:00+00:00,1.33921,1.33943,1.33808,1.33895,13844
2026-05-20T02:00:00+00:00,1.33895,1.33989,1.33858,1.33932,11019
2026-05-20T03:00:00+00:00,1.33932,1.3405799999999999,1.33901,1.34021,8986
2026-05-20T04:00:00+00:00,1.34021,1.34089,1.33922,1.33933,8543
2026-05-20T05:00:00+00:00,1.33933,1.34003,1.33907,1.33938,9264
2026-05-20T06:00:00+00:00,1.33938,1.34092,1.33787,1.3389,16039
2026-05-20T07:00:00+00:00,1.3389,1.34003,1.33851,1.33884,13999
2026-05-20T08:00:00+00:00,1.33884,1.33955,1.33777,1.33845,12869
2026-05-20T09:00:00+00:00,1.33845,1.3395299999999999,1.3383,1.33851,8945
2026-05-20T10:00:00+00:00,1.33851,1.34013,1.33839,1.33994,9213
2026-05-20T11:00:00+00:00,1.33994,1.34107,1.33972,1.34023,8493
2026-05-20T12:00:00+00:00,1.34023,1.34089,1.33987,1.34001,9838
2026-05-20T13:00:00+00:00,1.34001,1.34091,1.3393599999999999,1.33956,14897
2026-05-20T14:00:00+00:00,1.33956,1.34431,1.3385799999999999,1.34353,39272
2026-05-20T15:00:00+00:00,1.34353,1.34657,1.34238,1.34437,34993
2026-05-20T16:00:00+00:00,1.34437,1.34567,1.34378,1.34444,18462
2026-05-20T17:00:00+00:00,1.34444,1.3449,1.34374,1.34381,13602
2026-05-20T18:00:00+00:00,1.34381,1.34518,1.34342,1.3445,11895
2026-05-20T19:00:00+00:00,1.3445,1.34536,1.34399,1.34402,8902
2026-05-20T20:00:00+00:00,1.34402,1.34429,1.34358,1.34358,7199
2026-05-20T21:00:00+00:00,1.34358,1.3440100000000001,1.34326,1.3439699999999999,600.0776086709259
2026-05-20T22:00:00+00:00,1.3439699999999999,1.34435,1.34381,1.34413,1750
2026-05-20T23:00:00+00:00,1.34413,1.34438,1.3437299999999999,1.34396,2422
2026-05-21T00:00:00+00:00,1.34396,1.3445,1.3433599999999999,1.34426,7938
2026-05-21T01:00:00+00:00,1.34426,1.34506,1.3436299999999999,1.34395,9280
2026-05-21T02:00:00+00:00,1.34395,1.34427,1.34243,1.34308,7530
2026-05-21T03:00:00+00:00,1.34308,1.34367,1.34305,1.34324,5111
2026-05-21T04:00:00+00:00,1.34324,1.34386,1.3431,1.34367,4627
2026-05-21T05:00:00+00:00,1.34367,1.34389,1.34315,1.34382,7281
2026-05-21T06:00:00+00:00,1.34382,1.34452,1.34328,1.34396,10601
2026-05-21T07:00:00+00:00,1.34396,1.34446,1.3420699999999999,1.3434599999999999,22437
2026-05-21T08:00:00+00:00,1.3434599999999999,1.34602,1.34327,1.3440699999999999,19644
2026-05-21T09:00:00+00:00,1.3440699999999999,1.34518,1.34378,1.34474,12155
2026-05-21T10:00:00+00:00,1.34474,1.3451199999999999,1.34204,1.34299,18549
2026-05-21T11:00:00+00:00,1.34299,1.34447,1.34242,1.34271,11317
2026-05-21T12:00:00+00:00,1.34271,1.34352,1.34172,1.34192,16935
2026-05-21T13:00:00+00:00,1.34192,1.34262,1.33958,1.34114,19028
2026-05-21T14:00:00+00:00,1.34114,1.34184,1.34015,1.34167,20764
2026-05-21T15:00:00+00:00,1.34167,1.34177,1.3401,1.34106,19271
2026-05-21T16:00:00+00:00,1.34106,1.34159,1.34062,1.34135,12927
2026-05-21T17:00:00+00:00,1.34135,1.3454599999999999,1.34108,1.34486,27787
2026-05-21T18:00:00+00:00,1.34486,1.34536,1.3425799999999999,1.34314,19250
2026-05-21T19:00:00+00:00,1.34314,1.34464,1.34307,1.34412,13654
2026-05-21T20:00:00+00:00,1.34412,1.34459,1.34332,1.34362,5495
2026-05-21T21:00:00+00:00,1.34362,1.34376,1.34216,1.343,4956.93701781261
2026-05-21T22:00:00+00:00,1.343,1.34394,1.34298,1.34376,1116
2026-05-21T23:00:00+00:00,1.34376,1.34393,1.3436299999999999,1.34376,2202
2026-05-22T00:00:00+00:00,1.34376,1.3437999999999999,1.34301,1.34307,9318
2026-05-22T01:00:00+00:00,1.34307,1.34362,1.34291,1.34306,8216
2026-05-22T02:00:00+00:00,1.34306,1.34359,1.34296,1.34323,6315
2026-05-22T03:00:00+00:00,1.34323,1.3433599999999999,1.3428499999999999,1.34316,4785
2026-05-22T04:00:00+00:00,1.34316,1.34371,1.34308,1.34357,4680
2026-05-22T05:00:00+00:00,1.34357,1.34377,1.34246,1.34273,5800
2026-05-22T06:00:00+00:00,1.34273,1.34338,1.34223,1.34296,11095
2026-05-22T07:00:00+00:00,1.34296,1.3431,1.34186,1.34303,9123
2026-05-22T08:00:00+00:00,1.34303,1.34437,1.34284,1.34315,11974
2026-05-22T09:00:00+00:00,1.34315,1.3433599999999999,1.3422,1.34326,8463
2026-05-22T10:00:00+00:00,1.34326,1.34377,1.34261,1.34286,8522
2026-05-22T11:00:00+00:00,1.34286,1.3431,1.34242,1.34264,8980
2026-05-22T12:00:00+00:00,1.34264,1.3442399999999999,1.34221,1.34419,14625
2026-05-22T13:00:00+00:00,1.34419,1.3468499999999999,1.34383,1.34425,19209
2026-05-22T14:00:00+00:00,1.34425,1.34428,1.34231,1.3439699999999999,17921
2026-05-22T15:00:00+00:00,1.3439699999999999,1.3449,1.34344,1.34422,14029
2026-05-22T16:00:00+00:00,1.34422,1.3451899999999999,1.3438999999999999,1.34496,10626
2026-05-22T17:00:00+00:00,1.34496,1.34589,1.34477,1.34545,12551
2026-05-22T18:00:00+00:00,1.34545,1.34566,1.34493,1.34534,7779
2026-05-22T19:00:00+00:00,1.34534,1.34536,1.34433,1.34456,4774
2026-05-22T20:00:00+00:00,1.34456,1.34476,1.34249,1.34249,3548
2026-05-24T21:00:00+00:00,1.34249,1.3426599999999997,1.3412899999999999,1.3416599999999999,692.2274414910934
2026-05-24T22:00:00+00:00,1.3416599999999999,1.34538,1.3416299999999999,1.34513,4394
2026-05-24T23:00:00+00:00,1.34513,1.34557,1.3448399999999998,1.34489,3701
2026-05-25T00:00:00+00:00,1.34489,1.34558,1.3444399999999999,1.34467,9395
2026-05-25T01:00:00+00:00,1.34467,1.34582,1.34449,1.34473,8677
2026-05-25T02:00:00+00:00,1.34473,1.3451199999999999,1.34431,1.3444399999999999,5013
2026-05-25T03:00:00+00:00,1.3444399999999999,1.3447399999999998,1.3441699999999999,1.3442699999999999,7026
2026-05-25T04:00:00+00:00,1.3442699999999999,1.34531,1.3441999999999998,1.34507,4585
2026-05-25T05:00:00+00:00,1.34507,1.34564,1.34487,1.34499,5674
2026-05-25T06:00:00+00:00,1.34499,1.34548,1.3446099999999999,1.34536,7597
2026-05-25T07:00:00+00:00,1.34536,1.34541,1.34382,1.3452199999999999,10428
2026-05-25T08:00:00+00:00,1.3452199999999999,1.3461299999999998,1.3446099999999999,1.34609,6825
2026-05-25T09:00:00+00:00,1.34609,1.34636,1.34592,1.3460299999999998,4132
2026-05-25T10:00:00+00:00,1.3460299999999998,1.34625,1.34568,1.3458599999999998,4727
2026-05-25T11:00:00+00:00,1.3458599999999998,1.34737,1.34551,1.3466,6003
2026-05-25T12:00:00+00:00,1.3466,1.34744,1.3464699999999998,1.3468399999999998,8601
2026-05-25T13:00:00+00:00,1.3468399999999998,1.34716,1.34615,1.34616,7046
2026-05-25T14:00:00+00:00,1.34616,1.34697,1.3460299999999998,1.3468399999999998,6603
2026-05-25T15:00:00+00:00,1.3468399999999998,1.34731,1.34633,1.34696,8475
2026-05-25T16:00:00+00:00,1.34696,1.34727,1.34665,1.34714,4320
2026-05-25T17:00:00+00:00,1.34714,1.34751,1.34709,1.34733,1887
2026-05-25T18:00:00+00:00,1.34733,1.3474899999999999,1.34724,1.3474499999999998,2265
2026-05-25T19:00:00+00:00,1.3474499999999998,1.34768,1.3473199999999999,1.34755,1866
2026-05-25T20:00:00+00:00,1.34755,1.3476199999999998,1.34709,1.34711,2378
2026-05-25T21:00:00+00:00,1.34711,1.34711,1.34543,1.34662,2452.1124673271743
2026-05-25T22:00:00+00:00,1.34662,1.34714,1.34659,1.3468799999999999,1167.678894195748
2026-05-25T23:00:00+00:00,1.3468799999999999,1.34711,1.34614,1.34618,2817
2026-05-26T00:00:00+00:00,1.34618,1.34629,1.3453899999999999,1.34602,8005
2026-05-26T01:00:00+00:00,1.34602,1.34609,1.3448399999999998,1.3452799999999998,8053
2026-05-26T02:00:00+00:00,1.3452799999999998,1.3455899999999998,1.3449099999999998,1.3453,4900
2026-05-26T03:00:00+00:00,1.3453,1.34581,1.3452199999999999,1.34544,3578
2026-05-26T04:00:00+00:00,1.34544,1.34547,1.34465,1.3446799999999999,3419
2026-05-26T05:00:00+00:00,1.3446799999999999,1.34477,1.34402,1.3440999999999999,5125
2026-05-26T06:00:00+00:00,1.3440999999999999,1.3451,1.34395,1.34435,9600
2026-05-26T07:00:00+00:00,1.34435,1.34442,1.34306,1.34408,15736
2026-05-26T08:00:00+00:00,1.34408,1.34469,1.34375,1.34409,10364
2026-05-26T09:00:00+00:00,1.34409,1.34507,1.3438299999999999,1.34497,8673
2026-05-26T10:00:00+00:00,1.34497,1.3455199999999998,1.34438,1.3450799999999998,9437
2026-05-26T11:00:00+00:00,1.3450799999999998,1.34554,1.3434199999999998,1.34351,11451
2026-05-26T12:00:00+00:00,1.34351,1.34408,1.3431899999999999,1.3433,11905
2026-05-26T13:00:00+00:00,1.3433,1.3436299999999999,1.34226,1.3429099999999998,16943
2026-05-26T14:00:00+00:00,1.3429099999999998,1.3435,1.34154,1.3415599999999999,16661
2026-05-26T15:00:00+00:00,1.3415599999999999,1.3416299999999999,1.34006,1.3401699999999999,15730
2026-05-26T16:00:00+00:00,1.3401699999999999,1.3414899999999998,1.34006,1.34072,10149
2026-05-26T17:00:00+00:00,1.34072,1.34141,1.3404399999999999,1.3407,7487
2026-05-26T18:00:00+00:00,1.3407,1.3411899999999999,1.3405,1.34107,6609
2026-05-26T19:00:00+00:00,1.34107,1.3416,1.3408399999999998,1.34147,5916
2026-05-26T20:00:00+00:00,1.34147,1.3419699999999999,1.3411,1.3412199999999999,3657
2026-05-26T21:00:00+00:00,1.3412199999999999,1.3415199999999998,1.34033,1.3413499999999998,1733.0015305538675
2026-05-26T22:00:00+00:00,1.3413499999999998,1.3417099999999997,1.34133,1.3416699999999997,1748.8215215504774
2026-05-26T23:00:00+00:00,1.3416699999999997,1.3425299999999998,1.3416399999999997,1.3420899999999998,2119
2026-05-27T00:00:00+00:00,1.3420899999999998,1.3424499999999997,1.34204,1.3421799999999997,6617
2026-05-27T01:00:00+00:00,1.3421799999999997,1.3422199999999997,1.3412399999999998,1.3413499999999998,7026
2026-05-27T02:00:00+00:00,1.3413499999999998,1.3420299999999998,1.34133,1.3418799999999997,6471
2026-05-27T03:00:00+00:00,1.3418799999999997,1.3424999999999998,1.34187,1.3420999999999998,4650
2026-05-27T04:00:00+00:00,1.3420999999999998,1.3422999999999998,1.3419099999999997,1.34204,3993
2026-05-27T05:00:00+00:00,1.34204,1.3423299999999998,1.3415399999999997,1.3416,4962
2026-05-27T06:00:00+00:00,1.3416,1.3422499999999997,1.3410799999999998,1.3418599999999998,9130
2026-05-27T07:00:00+00:00,1.3418599999999998,1.3422799999999997,1.3408299999999997,1.3409499999999999,8925
2026-05-27T08:00:00+00:00,1.3409499999999999,1.3418499999999998,1.3407699999999998,1.3412999999999997,8395
2026-05-27T09:00:00+00:00,1.3412999999999997,1.34187,1.3411299999999997,1.3411799999999998,7061
2026-05-27T10:00:00+00:00,1.3411799999999998,1.3412699999999997,1.3402399999999999,1.3407299999999998,7739
2026-05-27T11:00:00+00:00,1.3407299999999998,1.3409399999999998,1.3396799999999998,1.3401299999999998,9009
2026-05-27T12:00:00+00:00,1.3401299999999998,1.34231,1.3397999999999999,1.34065,24513
2026-05-27T13:00:00+00:00,1.34065,1.3415399999999997,1.3405699999999998,1.3413399999999998,17853
2026-05-27T14:00:00+00:00,1.3413399999999998,1.3424399999999999,1.33838,1.3385199999999997,26230
2026-05-27T15:00:00+00:00,1.3385199999999997,1.3398099999999997,1.3382799999999997,1.3395699999999997,20358
2026-05-27T16:00:00+00:00,1.3395699999999997,1.3398399999999997,1.3386799999999999,1.3397199999999998,12248
2026-05-27T17:00:00+00:00,1.3397199999999998,1.3398199999999998,1.3383599999999998,1.3393199999999998,10695
2026-05-27T18:00:00+00:00,1.3393199999999998,1.3397499999999998,1.3388499999999999,1.3396199999999998,9080
2026-05-27T19:00:00+00:00,1.3396199999999998,1.3399699999999999,1.3395199999999998,1.33974,5770.407288462189
2026-05-27T20:00:00+00:00,1.33974,1.3399299999999998,1.3392499999999998,1.3393,2987
2026-05-27T21:00:00+00:00,1.3393,1.33931,1.33816,1.3383999999999998,1452.7935011569302
2026-05-27T22:00:00+00:00,1.3383999999999998,1.33923,1.3383999999999998,1.3389199999999999,1580
2026-05-27T23:00:00+00:00,1.3389199999999999,1.3390499999999999,1.3375899999999998,1.3377499999999998,3796
2026-05-28T00:00:00+00:00,1.3377499999999998,1.3381699999999999,1.3371499999999998,1.3375199999999998,7914
2026-05-28T01:00:00+00:00,1.3375199999999998,1.3376,1.33594,1.3360299999999998,7465
2026-05-28T02:00:00+00:00,1.3360299999999998,1.3368499999999999,1.3360299999999998,1.3363599999999998,6131
2026-05-28T03:00:00+00:00,1.3363599999999998,1.3365399999999998,1.3330099999999998,1.3330199999999999,11945
2026-05-28T04:00:00+00:00,1.3330199999999999,1.3339799999999997,1.3329099999999998,1.33391,9603
2026-05-28T05:00:00+00:00,1.33391,1.33577,1.3336799999999998,1.3353899999999999,7072
2026-05-28T06:00:00+00:00,1.3353899999999999,1.33696,1.33523,1.3365699999999998,13225
2026-05-28T07:00:00+00:00,1.3365699999999998,1.3373399999999998,1.3361299999999998,1.3364299999999998,19033
2026-05-28T08:00:00+00:00,1.3364299999999998,1.3368499999999999,1.33567,1.3363399999999999,11698
2026-05-28T09:00:00+00:00,1.3363399999999999,1.3371499999999998,1.3356299999999999,1.3357599999999998,11289
2026-05-28T10:00:00+00:00,1.3357599999999998,1.3359899999999998,1.33482,1.3350699999999998,15213
2026-05-28T11:00:00+00:00,1.3350699999999998,1.3372199999999999,1.33506,1.3368399999999998,10388
2026-05-28T12:00:00+00:00,1.3368399999999998,1.3386699999999998,1.3364999999999998,1.3382699999999998,13361
2026-05-28T13:00:00+00:00,1.3382699999999998,1.3389799999999998,1.3374099999999998,1.3374199999999998,20205
2026-05-28T14:00:00+00:00,1.3374199999999998,1.34126,1.3369299999999997,1.33947,34506
2026-05-28T15:00:00+00:00,1.33947,1.3403699999999998,1.3393899999999999,1.33974,17142
2026-05-28T16:00:00+00:00,1.33974,1.3410399999999998,1.3394,1.34082,15954
2026-05-28T17:00:00+00:00,1.34082,1.34099,1.34025,1.3407399999999998,11205
2026-05-28T18:00:00+00:00,1.3407399999999998,1.3409999999999997,1.3398199999999998,1.34021,12715
2026-05-28T19:00:00+00:00,1.34021,1.3405799999999999,1.3399199999999998,1.3401199999999998,9361
2026-05-28T20:00:00+00:00,1.3401199999999998,1.3405799999999999,1.3400199999999998,1.3405399999999998,5046
2026-05-28T21:00:00+00:00,1.3405399999999998,1.34076,1.3398299999999999,1.34035,981.7394370565482
2026-05-28T22:00:00+00:00,1.34035,1.34082,1.3402899999999998,1.3404099999999999,1003.6046771638871
2026-05-28T23:00:00+00:00,1.3404099999999999,1.3407999999999998,1.3404099999999999,1.3406399999999998,2109
2026-05-29T00:00:00+00:00,1.3406399999999998,1.34113,1.3401899999999998,1.34035,7046
2026-05-29T01:00:00+00:00,1.34035,1.3413099999999998,1.3400599999999998,1.3402399999999999,8358
2026-05-29T02:00:00+00:00,1.3402399999999999,1.3406399999999998,1.3400499999999997,1.3400599999999998,6838
2026-05-29T03:00:00+00:00,1.3400599999999998,1.3401299999999998,1.3392699999999997,1.3394799999999998,5820
2026-05-29T04:00:00+00:00,1.3394799999999998,1.3400599999999998,1.3394399999999997,1.3400499999999997,4330
2026-05-29T05:00:00+00:00,1.3400499999999997,1.3403999999999998,1.33981,1.3400999999999998,4415
2026-05-29T06:00:00+00:00,1.3400999999999998,1.3406999999999998,1.3397999999999999,1.3404299999999998,12100
2026-05-29T07:00:00+00:00,1.3404299999999998,1.3404299999999998,1.3379999999999999,1.33882,12078
2026-05-29T08:00:00+00:00,1.33882,1.33882,1.3370799999999998,1.3374099999999998,14113
2026-05-29T09:00:00+00:00,1.3374099999999998,1.33818,1.3371699999999997,1.3379899999999998,12352
2026-05-29T10:00:00+00:00,1.3379899999999998,1.33808,1.3372499999999998,1.33804,10167
2026-05-29T11:00:00+00:00,1.33804,1.3392099999999998,1.3377999999999999,1.33913,11433
2026-05-29T12:00:00+00:00,1.33913,1.33971,1.3382999999999998,1.3396799999999998,12764
2026-05-29T13:00:00+00:00,1.3396799999999998,1.3409699999999998,1.3393499999999998,1.3401199999999998,15055
2026-05-29T14:00:00+00:00,1.3401199999999998,1.3443399999999999,1.3392,1.34401,30117
2026-05-29T15:00:00+00:00,1.34401,1.34479,1.3432199999999999,1.3437099999999997,29237
2026-05-29T16:00:00+00:00,1.3437099999999997,1.3438299999999999,1.34262,1.3429699999999998,15689
2026-05-29T17:00:00+00:00,1.3429699999999998,1.3432199999999999,1.3417999999999999,1.3418199999999998,10241
2026-05-29T18:00:00+00:00,1.3418199999999998,1.3427299999999998,1.3417299999999999,1.3422999999999998,10080
2026-05-29T19:00:00+00:00,1.3422999999999998,1.34333,1.3422999999999998,1.3430099999999998,7069
2026-05-29T20:00:00+00:00,1.3430099999999998,1.3430699999999998,1.3407499999999999,1.34099,7488
2026-05-31T21:00:00+00:00,1.34099,1.3417399999999995,1.3407799999999999,1.3409899999999995,5929.781595536042
2026-05-31T22:00:00+00:00,1.3409899999999995,1.3414399999999995,1.3406199999999995,1.3409399999999996,4006
2026-05-31T23:00:00+00:00,1.3409399999999996,1.3419099999999995,1.3408199999999995,1.3410799999999996,9226
2026-06-01T00:00:00+00:00,1.3410799999999996,1.3414799999999996,1.3405999999999996,1.3412199999999996,10399
2026-06-01T01:00:00+00:00,1.3412199999999996,1.3414599999999997,1.3408899999999995,1.3414399999999995,8497
2026-06-01T02:00:00+00:00,1.3414399999999995,1.3416999999999994,1.3413599999999997,1.3416699999999995,5116
2026-06-01T03:00:00+00:00,1.3416699999999995,1.3420099999999995,1.3409999999999995,1.3410499999999996,6020
2026-06-01T04:00:00+00:00,1.3410499999999996,1.3418399999999995,1.3410099999999996,1.3417599999999996,2827
2026-06-01T05:00:00+00:00,1.3417599999999996,1.3426599999999995,1.3416899999999996,1.3423899999999995,5677
2026-06-01T06:00:00+00:00,1.3423899999999995,1.3436799999999995,1.3418699999999995,1.3433299999999995,13261
2026-06-01T07:00:00+00:00,1.3433299999999995,1.3433299999999995,1.3415999999999995,1.3421199999999995,11930
2026-06-01T08:00:00+00:00,1.3421199999999995,1.3434299999999995,1.3420999999999996,1.3431399999999996,12882
2026-06-01T09:00:00+00:00,1.3431399999999996,1.3435799999999996,1.3417899999999996,1.3420499999999995,12273
2026-06-01T10:00:00+00:00,1.3420499999999995,1.3426199999999995,1.3416199999999996,1.3423799999999995,9881
2026-06-01T11:00:00+00:00,1.3423799999999995,1.3427099999999996,1.3420499999999995,1.3426299999999995,9378
2026-06-01T12:00:00+00:00,1.3426299999999995,1.3429399999999996,1.3423099999999994,1.3424399999999996,14481
2026-06-01T13:00:00+00:00,1.3424399999999996,1.3424599999999995,1.3371099999999996,1.3374599999999996,33413
2026-06-01T14:00:00+00:00,1.3374599999999996,1.3398099999999995,1.3367299999999995,1.3397699999999995,23549
2026-06-01T15:00:00+00:00,1.3397699999999995,1.3416499999999996,1.3393499999999996,1.3409999999999995,20304
2026-06-01T16:00:00+00:00,1.3409999999999995,1.3423799999999995,1.3401299999999996,1.3421299999999996,15528
2026-06-01T17:00:00+00:00,1.3421299999999996,1.3430699999999995,1.3414299999999995,1.3425499999999995,17141
2026-06-01T18:00:00+00:00,1.3425499999999995,1.3426599999999995,1.3417799999999995,1.3417799999999995,7510
2026-06-01T19:00:00+00:00,1.3417799999999995,1.3421699999999996,1.3413899999999996,1.3419599999999996,8506
2026-06-01T20:00:00+00:00,1.3419599999999996,1.3421699999999996,1.3414899999999996,1.3415399999999995,3992
2026-06-01T21:00:00+00:00,1.3415399999999995,1.3422899999999995,1.3407499999999994,1.3414799999999996,6767.502018119556
2026-06-01T22:00:00+00:00,1.3414799999999996,1.3421199999999995,1.3414799999999996,1.3419999999999996,1608
2026-06-01T23:00:00+00:00,1.3419999999999996,1.3423199999999997,1.3419399999999997,1.3422199999999995,2607
2026-06-02T00:00:00+00:00,1.3422199999999995,1.3424499999999997,1.3414799999999996,1.3416299999999997,5794
2026-06-02T01:00:00+00:00,1.3416299999999997,1.3423899999999995,1.3413199999999996,1.3414399999999995,8898
2026-06-02T02:00:00+00:00,1.3414399999999995,1.3419299999999996,1.3413399999999995,1.3416099999999995,5021
2026-06-02T03:00:00+00:00,1.3416099999999995,1.3421399999999997,1.3415799999999996,1.3420699999999997,5025
2026-06-02T04:00:00+00:00,1.3420699999999997,1.3427199999999997,1.3419599999999996,1.3426299999999995,3814
2026-06-02T05:00:00+00:00,1.3426299999999995,1.3429199999999997,1.3423399999999996,1.3423499999999997,4496
2026-06-02T06:00:00+00:00,1.3423499999999997,1.3444099999999997,1.3423499999999997,1.3440499999999995,14285
2026-06-02T07:00:00+00:00,1.3440499999999995,1.3441399999999997,1.3430099999999996,1.3434399999999995,16283
2026-06-02T08:00:00+00:00,1.3434399999999995,1.3438099999999997,1.3423099999999997,1.3425899999999997,12986
2026-06-02T09:00:00+00:00,1.3425899999999997,1.3433199999999996,1.3423099999999997,1.3432799999999996,9324
2026-06-02T10:00:00+00:00,1.3432799999999996,1.3436599999999996,1.3429099999999996,1.3430299999999997,7702
2026-06-02T11:00:00+00:00,1.3430299999999997,1.3439499999999995,1.3427799999999996,1.3436399999999997,10278
2026-06-02T12:00:00+00:00,1.3436399999999997,1.3439999999999996,1.3432999999999997,1.3434399999999995,10183
2026-06-02T13:00:00+00:00,1.3434399999999995,1.3440099999999997,1.3429499999999996,1.3432899999999997,16691
2026-06-02T14:00:00+00:00,1.3432899999999997,1.3442999999999996,1.3424799999999997,1.3434699999999997,15528
2026-06-02T15:00:00+00:00,1.3434699999999997,1.3442699999999996,1.3433899999999996,1.3441599999999996,13973
2026-06-02T16:00:00+00:00,1.3441599999999996,1.3442499999999997,1.3426999999999996,1.3428699999999996,10251
2026-06-02T17:00:00+00:00,1.3428699999999996,1.3430399999999996,1.3419899999999996,1.3421599999999996,9517
2026-06-02T18:00:00+00:00,1.3421599999999996,1.3433099999999996,1.3415699999999997,1.3431499999999996,10131
2026-06-02T19:00:00+00:00,1.3431499999999996,1.3434799999999996,1.3429999999999995,1.3430999999999995,5245
2026-06-02T20:00:00+00:00,1.3430999999999995,1.3434099999999995,1.3425699999999996,1.3427199999999997,3505
2026-06-02T21:00:00+00:00,1.3427199999999997,1.3428299999999995,1.3417099999999995,1.3420899999999996,2821.572941105697
2026-06-02T22:00:00+00:00,1.3420899999999996,1.3429299999999997,1.3420899999999996,1.3424199999999997,1374
2026-06-02T23:00:00+00:00,1.3424199999999997,1.3424899999999995,1.3412999999999997,1.3415299999999997,4431
2026-06-03T00:00:00+00:00,1.3415299999999997,1.3429499999999996,1.3414099999999995,1.3428099999999996,6263
2026-06-03T01:00:00+00:00,1.3428099999999996,1.3434199999999996,1.3424499999999997,1.3429699999999996,6882
2026-06-03T02:00:00+00:00,1.3429699999999996,1.3432999999999997,1.3423399999999996,1.3425799999999997,4834
2026-06-03T03:00:00+00:00,1.3425799999999997,1.3427499999999997,1.3423199999999997,1.3425599999999995,4102
2026-06-03T04:00:00+00:00,1.3425599999999995,1.3426399999999996,1.3420799999999997,1.3422399999999997,3346
2026-06-03T05:00:00+00:00,1.3422399999999997,1.3425999999999996,1.3411899999999997,1.3412299999999997,5071
2026-06-03T06:00:00+00:00,1.3412299999999997,1.3416199999999996,1.3399399999999997,1.3412399999999995,14092
2026-06-03T07:00:00+00:00,1.3412399999999995,1.3424899999999995,1.3405199999999997,1.3418799999999995,16589
2026-06-03T08:00:00+00:00,1.3418799999999995,1.3420499999999995,1.3402899999999995,1.3405299999999996,12675
2026-06-03T09:00:00+00:00,1.3405299999999996,1.3413499999999996,1.3404699999999996,1.3410599999999997,10885
2026-06-03T10:00:00+00:00,1.3410599999999997,1.3422399999999997,1.3408199999999997,1.3412299999999997,14107
2026-06-03T11:00:00+00:00,1.3412299999999997,1.3418299999999996,1.3410999999999995,1.3412699999999995,9590
2026-06-03T12:00:00+00:00,1.3412699999999995,1.3413599999999997,1.3389899999999997,1.3394499999999996,16217
2026-06-03T13:00:00+00:00,1.3394499999999996,1.3398899999999996,1.3384199999999997,1.3387399999999996,21053
2026-06-03T14:00:00+00:00,1.3387399999999996,1.3399799999999997,1.3381799999999997,1.3399399999999997,22395
2026-06-03T15:00:00+00:00,1.3399399999999997,1.3402399999999997,1.3388499999999997,1.3397099999999997,17484
2026-06-03T16:00:00+00:00,1.3397099999999997,1.3397699999999997,1.3377999999999997,1.3384999999999996,15790
2026-06-03T17:00:00+00:00,1.3384999999999996,1.3391399999999996,1.3377399999999997,1.3378199999999996,8270
2026-06-03T18:00:00+00:00,1.3378199999999996,1.3380699999999996,1.3374099999999995,1.3378999999999996,6967.365618175549
2026-06-03T19:00:00+00:00,1.3378999999999996,1.3383399999999996,1.3378099999999997,1.3381999999999996,6391
2026-06-03T20:00:00+00:00,1.3381999999999996,1.3383299999999996,1.3378399999999997,1.3378399999999997,3472
2026-06-03T21:00:00+00:00,1.3378399999999997,1.3379499999999995,1.3367899999999997,1.3368199999999997,3397.5761721535664
2026-06-03T22:00:00+00:00,1.3368199999999997,1.3387599999999997,1.3368199999999997,1.3381499999999997,2188.0005591277604
2026-06-03T23:00:00+00:00,1.3381499999999997,1.3386999999999996,1.3376199999999996,1.3385299999999996,3828
2026-06-04T00:00:00+00:00,1.3385299999999996,1.3390899999999997,1.3381799999999997,1.3384599999999995,9486
2026-06-04T01:00:00+00:00,1.3384599999999995,1.3386699999999996,1.3381699999999996,1.3386199999999997,9182
2026-06-04T02:00:00+00:00,1.3386199999999997,1.3386599999999995,1.3380799999999997,1.3384999999999996,6851
2026-06-04T03:00:00+00:00,1.3384999999999996,1.3385199999999997,1.3375999999999997,1.3381899999999995,4881
2026-06-04T04:00:00+00:00,1.3381899999999995,1.3390499999999996,1.3381399999999997,1.3389799999999996,4895
2026-06-04T05:00:00+00:00,1.3389799999999996,1.3391199999999996,1.3379499999999995,1.3387099999999996,5901
2026-06-04T06:00:00+00:00,1.3387099999999996,1.3393999999999997,1.3383399999999996,1.3387099999999996,12034
2026-06-04T07:00:00+00:00,1.3387099999999996,1.3388499999999997,1.3370399999999996,1.3380699999999996,14046
2026-06-04T08:00:00+00:00,1.3380699999999996,1.3394699999999997,1.3380599999999996,1.3388999999999995,11586
2026-06-04T09:00:00+00:00,1.3388999999999995,1.3401399999999997,1.3388799999999996,1.3396199999999996,12520
2026-06-04T10:00:00+00:00,1.3396199999999996,1.3402899999999995,1.3392899999999996,1.3402099999999997,13402
2026-06-04T11:00:00+00:00,1.3402099999999997,1.3421599999999996,1.3401799999999997,1.3417699999999997,16930
2026-06-04T12:00:00+00:00,1.3417699999999997,1.3421599999999996,1.3411199999999996,1.3414999999999997,14390
2026-06-04T13:00:00+00:00,1.3414999999999997,1.3416499999999996,1.3407199999999997,1.3410099999999996,15756
2026-06-04T14:00:00+00:00,1.3410099999999996,1.3413199999999996,1.3394299999999997,1.3402599999999996,14780
2026-06-04T15:00:00+00:00,1.3402599999999996,1.3403099999999997,1.3388899999999997,1.3398199999999996,15891
2026-06-04T16:00:00+00:00,1.3398199999999996,1.3401099999999997,1.3393399999999995,1.3394199999999996,11661
2026-06-04T17:00:00+00:00,1.3394199999999996,1.3395499999999996,1.3385199999999997,1.3385999999999996,8583
2026-06-04T18:00:00+00:00,1.3385999999999996,1.3388599999999997,1.3382499999999997,1.3383799999999997,6904
2026-06-04T19:00:00+00:00,1.3383799999999997,1.3385099999999996,1.3380499999999995,1.3382799999999997,5159
2026-06-04T20:00:00+00:00,1.3382799999999997,1.3383599999999996,1.3379399999999997,1.3382199999999995,3065
2026-06-04T21:00:00+00:00,1.3382199999999995,1.3388099999999996,1.3373599999999997,1.3376499999999996,9681
2026-06-04T22:00:00+00:00,1.3376499999999996,1.3384599999999995,1.3376499999999996,1.3382599999999996,978
2026-06-04T23:00:00+00:00,1.3382599999999996,1.3383599999999996,1.3380599999999996,1.3381699999999996,1543
2026-06-05T00:00:00+00:00,1.3381699999999996,1.3383099999999997,1.3377399999999997,1.3382299999999996,7656
2026-06-05T01:00:00+00:00,1.3382299999999996,1.3383899999999995,1.3374899999999996,1.3382999999999996,8581
2026-06-05T02:00:00+00:00,1.3382999999999996,1.3387499999999997,1.3381799999999997,1.3383199999999995,5603
2026-06-05T03:00:00+00:00,1.3383199999999995,1.3386799999999996,1.3382099999999997,1.3385499999999997,5353
2026-06-05T04:00:00+00:00,1.3385499999999997,1.3390399999999996,1.3384699999999996,1.3387999999999995,4689
2026-06-05T05:00:00+00:00,1.3387999999999995,1.3390599999999997,1.3383799999999997,1.3384499999999997,4592
2026-06-05T06:00:00+00:00,1.3384499999999997,1.3395099999999995,1.3382799999999997,1.3394399999999995,11703
2026-06-05T07:00:00+00:00,1.3394399999999995,1.3407599999999995,1.3392999999999997,1.3404499999999997,10879
2026-06-05T08:00:00+00:00,1.3404499999999997,1.3417099999999995,1.3403599999999996,1.3414199999999996,10327
2026-06-05T09:00:00+00:00,1.3414199999999996,1.3428799999999996,1.3411899999999997,1.3423599999999996,12401
2026-06-05T10:00:00+00:00,1.3423599999999996,1.3442399999999997,1.3422599999999996,1.3433199999999996,8727
2026-06-05T11:00:00+00:00,1.3433199999999996,1.3434099999999995,1.3425299999999996,1.3427299999999995,9607
2026-06-05T12:00:00+00:00,1.3427299999999995,1.3428399999999996,1.3362999999999996,1.3363499999999997,21672
2026-06-05T13:00:00+00:00,1.3363499999999997,1.3381099999999997,1.3353399999999995,1.3357499999999995,37305
2026-06-05T14:00:00+00:00,1.3357499999999995,1.3367499999999997,1.3338699999999997,1.3345399999999996,26287
2026-06-05T15:00:00+00:00,1.3345399999999996,1.3347099999999996,1.3315999999999997,1.3317399999999997,17277
2026-06-05T16:00:00+00:00,1.3317399999999997,1.3318399999999997,1.3299799999999997,1.3314799999999996,15863
2026-06-05T17:00:00+00:00,1.3314799999999996,1.3315899999999996,1.3295799999999995,1.3300699999999996,12687
2026-06-05T18:00:00+00:00,1.3300699999999996,1.3302999999999996,1.3292899999999996,1.3295799999999995,13273
2026-06-05T19:00:00+00:00,1.3295799999999995,1.3299699999999997,1.3289199999999997,1.3296899999999996,10737
2026-06-05T20:00:00+00:00,1.3296899999999996,1.3299399999999997,1.3288599999999995,1.3295299999999992,8099.081073947906
2026-06-07T21:00:00+00:00,1.3295299999999992,1.329979999999999,1.3287699999999987,1.3287899999999988,990.2122848037225
2026-06-07T22:00:00+00:00,1.3287899999999988,1.3305799999999988,1.3287899999999988,1.3299499999999986,5797
2026-06-07T23:00:00+00:00,1.3299499999999986,1.3311699999999986,1.3299399999999988,1.3310499999999987,3981
2026-06-08T00:00:00+00:00,1.3310499999999987,1.3324599999999986,1.3309799999999987,1.3324499999999988,8480
2026-06-08T01:00:00+00:00,1.3324499999999988,1.3325899999999988,1.3293999999999988,1.3312199999999987,17951
2026-06-08T02:00:00+00:00,1.3312199999999987,1.3318599999999987,1.3303099999999988,1.3315199999999987,11646
2026-06-08T03:00:00+00:00,1.3315199999999987,1.3317699999999988,1.3310099999999987,1.3316599999999987,6468
2026-06-08T04:00:00+00:00,1.3316599999999987,1.3321199999999986,1.3313599999999988,1.3315399999999986,6451
2026-06-08T05:00:00+00:00,1.3315399999999986,1.3324599999999986,1.3301199999999986,1.3303799999999988,12658
2026-06-08T06:00:00+00:00,1.3303799999999988,1.3306799999999988,1.3295599999999987,1.3298399999999988,19754
2026-06-08T07:00:00+00:00,1.3298399999999988,1.3322499999999988,1.3296399999999988,1.3303299999999987,18430
2026-06-08T08:00:00+00:00,1.3303299999999987,1.3311599999999988,1.3295499999999987,1.3297099999999986,21047
2026-06-08T09:00:00+00:00,1.3297099999999986,1.3303099999999988,1.3281599999999987,1.3302499999999988,20537
2026-06-08T10:00:00+00:00,1.3302499999999988,1.3324199999999988,1.3298899999999987,1.3317099999999986,16014
2026-06-08T11:00:00+00:00,1.3317099999999986,1.3345299999999987,1.3316299999999988,1.3335499999999987,20021
2026-06-08T12:00:00+00:00,1.3335499999999987,1.3343399999999987,1.3321099999999988,1.3326099999999987,18192
2026-06-08T13:00:00+00:00,1.3326099999999987,1.3340899999999987,1.3323999999999987,1.3327099999999987,26262
2026-06-08T14:00:00+00:00,1.3327099999999987,1.3333699999999988,1.3312299999999988,1.3318899999999987,25059
2026-06-08T15:00:00+00:00,1.3318899999999987,1.3326599999999986,1.3310999999999986,1.3322399999999988,18510
2026-06-08T16:00:00+00:00,1.3322399999999988,1.3323899999999986,1.3318099999999988,1.3318999999999988,14190
2026-06-08T17:00:00+00:00,1.3318999999999988,1.3322499999999988,1.3315599999999987,1.3320699999999988,11820
2026-06-08T18:00:00+00:00,1.3320699999999988,1.3328199999999988,1.3313499999999987,1.3314699999999988,11237
2026-06-08T19:00:00+00:00,1.3314699999999988,1.3319499999999986,1.3313999999999988,1.3316699999999988,11133
2026-06-08T20:00:00+00:00,1.3316699999999988,1.3318899999999987,1.3312799999999987,1.3315099999999986,4911
2026-06-08T21:00:00+00:00,1.3315099999999986,1.3318299999999987,1.3307999999999987,1.3313599999999988,3998.243155271425
2026-06-08T22:00:00+00:00,1.3313599999999988,1.3316399999999988,1.331179999999999,1.3315799999999989,1698
2026-06-08T23:00:00+00:00,1.3315799999999989,1.3316599999999987,1.3308499999999988,1.3308999999999989,2290
2026-06-09T00:00:00+00:00,1.3308999999999989,1.331209999999999,1.3306099999999987,1.331179999999999,8815
2026-06-09T01:00:00+00:00,1.331179999999999,1.3326899999999988,1.3310699999999989,1.332669999999999,8585
2026-06-09T02:00:00+00:00,1.332669999999999,1.332839999999999,1.3322999999999987,1.3324399999999987,4953
2026-06-09T03:00:00+00:00,1.3324399999999987,1.3327799999999987,1.3320799999999988,1.3324599999999989,5522
2026-06-09T04:00:00+00:00,1.3324599999999989,1.3338299999999987,1.3322699999999987,1.3335599999999987,4764
2026-06-09T05:00:00+00:00,1.3335599999999987,1.3340299999999987,1.3331299999999988,1.3336999999999988,7494
2026-06-09T06:00:00+00:00,1.3336999999999988,1.335009999999999,1.3333999999999988,1.3338399999999988,11993
2026-06-09T07:00:00+00:00,1.3338399999999988,1.3350299999999988,1.3333699999999988,1.3342899999999989,14984
2026-06-09T08:00:00+00:00,1.3342899999999989,1.335819999999999,1.3339999999999987,1.3355299999999988,12064
2026-06-09T09:00:00+00:00,1.3355299999999988,1.336699999999999,1.3354299999999988,1.3362899999999989,7917
2026-06-09T10:00:00+00:00,1.3362899999999989,1.3373499999999987,1.3360399999999988,1.3370899999999988,9168
2026-06-09T11:00:00+00:00,1.3370899999999988,1.338159999999999,1.337009999999999,1.3378099999999988,7752
2026-06-09T12:00:00+00:00,1.3378099999999988,1.3383199999999988,1.3373599999999988,1.3379199999999989,9405
2026-06-09T13:00:00+00:00,1.3379199999999989,1.3386299999999989,1.337009999999999,1.3373199999999987,18598
2026-06-09T14:00:00+00:00,1.3373199999999987,1.3382699999999987,1.3363899999999989,1.3372199999999987,28195
2026-06-09T15:00:00+00:00,1.3372199999999987,1.337989999999999,1.3347999999999989,1.3362399999999988,23182
2026-06-09T16:00:00+00:00,1.3362399999999988,1.336429999999999,1.3333699999999988,1.3347099999999987,29084
2026-06-09T17:00:00+00:00,1.3347099999999987,1.3364499999999988,1.3346199999999988,1.3358399999999988,21884
2026-06-09T18:00:00+00:00,1.3358399999999988,1.3366099999999987,1.3356099999999989,1.3363199999999988,13036
2026-06-09T19:00:00+00:00,1.3363199999999988,1.3364399999999987,1.3353999999999988,1.3355099999999989,13407
2026-06-09T20:00:00+00:00,1.3355099999999989,1.3358299999999987,1.3352699999999988,1.3353999999999988,4822
2026-06-09T21:00:00+00:00,1.3353999999999988,1.3353999999999988,1.3337799999999989,1.3343099999999988,5570.713927402173
2026-06-09T22:00:00+00:00,1.3343099999999988,1.3351899999999988,1.3342499999999988,1.3347099999999987,2010
2026-06-09T23:00:00+00:00,1.3347099999999987,1.3350299999999988,1.3343799999999988,1.3346999999999989,3298
2026-06-10T00:00:00+00:00,1.3346999999999989,1.3355799999999989,1.3343699999999987,1.3353999999999988,12307
2026-06-10T01:00:00+00:00,1.3353999999999988,1.3355299999999988,1.3347999999999989,1.335009999999999,11918
2026-06-10T02:00:00+00:00,1.335009999999999,1.3359099999999988,1.3348199999999988,1.335479999999999,7890
2026-06-10T03:00:00+00:00,1.335479999999999,1.3365899999999988,1.3354399999999989,1.3363899999999989,6577
2026-06-10T04:00:00+00:00,1.3363899999999989,1.3364499999999988,1.3355199999999987,1.3357599999999987,6440
2026-06-10T05:00:00+00:00,1.3357599999999987,1.3369799999999987,1.3355299999999988,1.3366599999999988,8985
2026-06-10T06:00:00+00:00,1.3366599999999988,1.3372599999999988,1.3358099999999988,1.3358799999999988,12565
2026-06-10T07:00:00+00:00,1.3358799999999988,1.3369099999999987,1.335549999999999,1.336599999999999,11907
2026-06-10T08:00:00+00:00,1.336599999999999,1.3367899999999988,1.3357799999999989,1.336159999999999,13260
2026-06-10T09:00:00+00:00,1.336159999999999,1.3375299999999988,1.3356399999999988,1.3372899999999988,11141
2026-06-10T10:00:00+00:00,1.3372899999999988,1.3374699999999988,1.3365199999999988,1.3365799999999988,9853
2026-06-10T11:00:00+00:00,1.3365799999999988,1.3369299999999988,1.3351299999999988,1.3353899999999987,23271
2026-06-10T12:00:00+00:00,1.3353899999999987,1.3384199999999988,1.3352599999999988,1.3364599999999989,20972
2026-06-10T13:00:00+00:00,1.3364599999999989,1.3398999999999988,1.3363799999999988,1.3385099999999988,26224
2026-06-10T14:00:00+00:00,1.3385099999999988,1.3392599999999988,1.3370999999999988,1.3376999999999988,30039
2026-06-10T15:00:00+00:00,1.3376999999999988,1.338059999999999,1.3346899999999988,1.3365099999999988,28634
2026-06-10T16:00:00+00:00,1.3365099999999988,1.3373099999999989,1.3361999999999987,1.3364899999999988,18311
2026-06-10T17:00:00+00:00,1.3364899999999988,1.3370199999999988,1.3354899999999987,1.3366899999999988,17160
2026-06-10T18:00:00+00:00,1.3366899999999988,1.3371999999999988,1.3354399999999989,1.3354999999999988,17008
2026-06-10T19:00:00+00:00,1.3354999999999988,1.335549999999999,1.3347099999999987,1.3347599999999988,12164
2026-06-10T20:00:00+00:00,1.3347599999999988,1.3348099999999987,1.3341999999999987,1.334329999999999,4660
2026-06-10T21:00:00+00:00,1.334329999999999,1.334569999999999,1.333689999999999,1.3339499999999989,18325.338291326792
2026-06-10T22:00:00+00:00,1.3339499999999989,1.3343599999999989,1.3330699999999989,1.333109999999999,4480
2026-06-10T23:00:00+00:00,1.333109999999999,1.334009999999999,1.3325299999999989,1.333699999999999,6721.855568163398
2026-06-11T00:00:00+00:00,1.333699999999999,1.334639999999999,1.333699999999999,1.334599999999999,10641
2026-06-11T01:00:00+00:00,1.334599999999999,1.336709999999999,1.334519999999999,1.3361199999999989,7488
2026-06-11T02:00:00+00:00,1.3361199999999989,1.336169999999999,1.335209999999999,1.335469999999999,6431
2026-06-11T03:00:00+00:00,1.335469999999999,1.335619999999999,1.335059999999999,1.335389999999999,6086
2026-06-11T04:00:00+00:00,1.335389999999999,1.336199999999999,1.335179999999999,1.335899999999999,4027
2026-06-11T05:00:00+00:00,1.335899999999999,1.336239999999999,1.335549999999999,1.335649999999999,5174
2026-06-11T06:00:00+00:00,1.335649999999999,1.335739999999999,1.335079999999999,1.335279999999999,6066
2026-06-11T07:00:00+00:00,1.335279999999999,1.336719999999999,1.335219999999999,1.3357799999999989,7417
2026-06-11T08:00:00+00:00,1.3357799999999989,1.335899999999999,1.333669999999999,1.333909999999999,7041
2026-06-11T09:00:00+00:00,1.333909999999999,1.334499999999999,1.333389999999999,1.334109999999999,5802
2026-06-11T10:00:00+00:00,1.334109999999999,1.334109999999999,1.332809999999999,1.3335099999999989,5608
2026-06-11T11:00:00+00:00,1.3335099999999989,1.3343599999999989,1.3335099999999989,1.3340899999999989,7465
2026-06-11T12:00:00+00:00,1.3340899999999989,1.334349999999999,1.331599999999999,1.3336799999999989,19623
2026-06-11T13:00:00+00:00,1.3336799999999989,1.333789999999999,1.331459999999999,1.332889999999999,23707
2026-06-11T14:00:00+00:00,1.332889999999999,1.3330699999999989,1.330079999999999,1.330349999999999,14516
2026-06-11T15:00:00+00:00,1.330349999999999,1.3320499999999988,1.3300199999999989,1.331109999999999,17042
2026-06-11T16:00:00+00:00,1.331109999999999,1.3313099999999989,1.330349999999999,1.330879999999999,9316
2026-06-11T17:00:00+00:00,1.330879999999999,1.338009999999999,1.330199999999999,1.336429999999999,30044
2026-06-11T18:00:00+00:00,1.336429999999999,1.338299999999999,1.335419999999999,1.3373099999999989,18477
2026-06-11T19:00:00+00:00,1.3373099999999989,1.340889999999999,1.337289999999999,1.339189999999999,14163
2026-06-11T20:00:00+00:00,1.339189999999999,1.339829999999999,1.338839999999999,1.339149999999999,7423
2026-06-11T21:00:00+00:00,1.339149999999999,1.3404199999999988,1.3387999999999989,1.3392999999999986,2231.238239115631
2026-06-11T22:00:00+00:00,1.3392999999999986,1.3407899999999986,1.3391599999999988,1.3405099999999988,2766
2026-06-11T23:00:00+00:00,1.3405099999999988,1.3408299999999986,1.3395199999999987,1.3396199999999987,5235
2026-06-12T00:00:00+00:00,1.3396199999999987,1.3397799999999986,1.3387599999999986,1.3390399999999987,13566
2026-06-12T01:00:00+00:00,1.3390399999999987,1.3390899999999988,1.3381499999999986,1.3384899999999986,13594
2026-06-12T02:00:00+00:00,1.3384899999999986,1.3394399999999986,1.3384099999999988,1.3388699999999987,8950
2026-06-12T03:00:00+00:00,1.3388699999999987,1.3399799999999986,1.3386599999999986,1.3396399999999986,9000
2026-06-12T04:00:00+00:00,1.3396399999999986,1.3400099999999986,1.3391799999999987,1.3393399999999986,7636
2026-06-12T05:00:00+00:00,1.3393399999999986,1.3396299999999988,1.3376599999999987,1.3377499999999987,10959
2026-06-12T06:00:00+00:00,1.3377499999999987,1.3392899999999988,1.3377199999999987,1.3388499999999988,15570
2026-06-12T07:00:00+00:00,1.3388499999999988,1.3388799999999987,1.3365399999999987,1.3379899999999987,22508
2026-06-12T08:00:00+00:00,1.3379899999999987,1.3401299999999987,1.3376499999999987,1.3395399999999986,21074
2026-06-12T09:00:00+00:00,1.3395399999999986,1.3407899999999986,1.3390999999999986,1.3402299999999987,15578
2026-06-12T10:00:00+00:00,1.3402299999999987,1.3405599999999986,1.3386599999999986,1.3392899999999988,16556
2026-06-12T11:00:00+00:00,1.3392899999999988,1.3400299999999987,1.3390499999999987,1.3391299999999986,13410
2026-06-12T12:00:00+00:00,1.3391299999999986,1.3391499999999987,1.3371799999999987,1.3375499999999987,15952
2026-06-12T13:00:00+00:00,1.3375499999999987,1.3396199999999987,1.3372399999999987,1.3381699999999987,25823
2026-06-12T14:00:00+00:00,1.3381699999999987,1.3399199999999987,1.3377199999999987,1.3395699999999986,29132
2026-06-12T15:00:00+00:00,1.3395699999999986,1.3405999999999987,1.3390299999999986,1.3394999999999988,25496
2026-06-12T16:00:00+00:00,1.3394999999999988,1.3400899999999987,1.3389599999999986,1.3397399999999986,20197
2026-06-12T17:00:00+00:00,1.3397399999999986,1.3403899999999986,1.3396299999999988,1.3398699999999988,14291
2026-06-12T18:00:00+00:00,1.3398699999999988,1.3403399999999988,1.3394299999999988,1.3397999999999985,11161.373748407063
2026-06-12T19:00:00+00:00,1.3397999999999985,1.3402199999999986,1.3390399999999985,1.3393099999999984,7259
2026-06-12T20:00:00+00:00,1.3393099999999984,1.3393399999999986,1.3376199999999985,1.3376399999999986,3945
2026-06-14T21:00:00+00:00,1.3376399999999986,1.3411499999999987,1.3376399999999986,1.3404599999999987,2244.143180348912
2026-06-14T22:00:00+00:00,1.3404599999999987,1.3435899999999987,1.3399899999999987,1.3433399999999986,8918
2026-06-14T23:00:00+00:00,1.3433399999999986,1.3435699999999986,1.3426499999999988,1.3430799999999987,5561
2026-06-15T00:00:00+00:00,1.3430799999999987,1.3442199999999986,1.3424799999999988,1.3425299999999987,12160
2026-06-15T01:00:00+00:00,1.3425299999999987,1.3425299999999987,1.3418099999999986,1.3419099999999986,9541
2026-06-15T02:00:00+00:00,1.3419099999999986,1.3422099999999988,1.3413999999999986,1.3420299999999987,6668
2026-06-15T03:00:00+00:00,1.3420299999999987,1.3427799999999988,1.3419499999999986,1.3424299999999987,6226
2026-06-15T04:00:00+00:00,1.3424299999999987,1.3432399999999987,1.3421799999999986,1.3431699999999986,5191
2026-06-15T05:00:00+00:00,1.3431699999999986,1.3441299999999987,1.3431599999999986,1.3436299999999988,7942
2026-06-15T06:00:00+00:00,1.3436299999999988,1.3437399999999986,1.3416299999999988,1.3423399999999988,11481
2026-06-15T07:00:00+00:00,1.3423399999999988,1.3426099999999987,1.3409599999999986,1.3413899999999988,14705
2026-06-15T08:00:00+00:00,1.3413899999999988,1.3417299999999988,1.3399799999999986,1.3404199999999986,13314
2026-06-15T09:00:00+00:00,1.3404199999999986,1.3414899999999987,1.3403999999999987,1.3408099999999987,10596
2026-06-15T10:00:00+00:00,1.3408099999999987,1.3415499999999987,1.3403799999999988,1.3406299999999987,8949
2026-06-15T11:00:00+00:00,1.3406299999999987,1.3412499999999987,1.3400699999999988,1.3404599999999987,10962
2026-06-15T12:00:00+00:00,1.3404599999999987,1.3413099999999987,1.3398499999999987,1.3411299999999986,12854
2026-06-15T13:00:00+00:00,1.3411299999999986,1.3420899999999987,1.3408499999999988,1.3415299999999988,14666
2026-06-15T14:00:00+00:00,1.3415299999999988,1.3425899999999986,1.3408999999999986,1.3421699999999988,16534
2026-06-15T15:00:00+00:00,1.3421699999999988,1.3421699999999988,1.3405199999999986,1.3406499999999988,11054
2026-06-15T16:00:00+00:00,1.3406499999999988,1.3414799999999987,1.3405599999999986,1.3410699999999987,8794
2026-06-15T17:00:00+00:00,1.3410699999999987,1.3411399999999987,1.3406899999999986,1.3409599999999986,7282
2026-06-15T18:00:00+00:00,1.3409599999999986,1.3412899999999988,1.3400099999999986,1.3400699999999988,9268
2026-06-15T19:00:00+00:00,1.3400699999999988,1.3402199999999986,1.3389099999999987,1.3389899999999988,9237
2026-06-15T20:00:00+00:00,1.3389899999999988,1.3396299999999988,1.3387499999999988,1.3393799999999987,6044
2026-06-15T21:00:00+00:00,1.3393799999999987,1.3394499999999987,1.3382899999999986,1.3386599999999986,4817.4516406361945
2026-06-15T22:00:00+00:00,1.3386599999999986,1.3396199999999987,1.3386599999999986,1.3392499999999987,1796
2026-06-15T23:00:00+00:00,1.3392499999999987,1.3397999999999988,1.3392499999999987,1.3396599999999987,1974
2026-06-16T00:00:00+00:00,1.3396599999999987,1.3396899999999987,1.3390399999999987,1.3394899999999987,6525
2026-06-16T01:00:00+00:00,1.3394899999999987,1.3399199999999987,1.3386199999999986,1.3387999999999987,8014
2026-06-16T02:00:00+00:00,1.3387999999999987,1.3388199999999988,1.3378599999999987,1.3385699999999987,5549
2026-06-16T03:00:00+00:00,1.3385699999999987,1.3387599999999986,1.3381199999999986,1.3384399999999987,6174
2026-06-16T04:00:00+00:00,1.3384399999999987,1.3385999999999987,1.3372299999999986,1.3378499999999987,6945
2026-06-16T05:00:00+00:00,1.3378499999999987,1.3382499999999986,1.3373599999999988,1.3373699999999986,6663
2026-06-16T06:00:00+00:00,1.3373699999999986,1.3387699999999987,1.3371899999999988,1.3386999999999987,10184
2026-06-16T07:00:00+00:00,1.3386999999999987,1.3397599999999987,1.3383999999999987,1.3397599999999987,13749
2026-06-16T08:00:00+00:00,1.3397599999999987,1.3405399999999987,1.3394399999999986,1.3405299999999987,10665
2026-06-16T09:00:00+00:00,1.3405299999999987,1.3408399999999987,1.3396099999999986,1.3396699999999986,9449
2026-06-16T10:00:00+00:00,1.3396699999999986,1.3412999999999986,1.3396099999999986,1.3411999999999986,9567
2026-06-16T11:00:00+00:00,1.3411999999999986,1.3412099999999987,1.3392699999999986,1.3396699999999986,11234
2026-06-16T12:00:00+00:00,1.3396699999999986,1.3398699999999988,1.3389099999999987,1.3397199999999987,11447
2026-06-16T13:00:00+00:00,1.3397199999999987,1.3400499999999986,1.3387699999999987,1.3391999999999986,15983
2026-06-16T14:00:00+00:00,1.3391999999999986,1.3409199999999988,1.3384299999999987,1.3408899999999986,17512
2026-06-16T15:00:00+00:00,1.3408899999999986,1.3424599999999987,1.3399999999999987,1.3418899999999987,16622
2026-06-16T16:00:00+00:00,1.3418899999999987,1.3421399999999988,1.3410199999999988,1.3410599999999986,12156
2026-06-16T17:00:00+00:00,1.3410599999999986,1.3410699999999987,1.3405999999999987,1.3410199999999988,9981
2026-06-16T18:00:00+00:00,1.3410199999999988,1.3414299999999988,1.3404799999999988,1.3409699999999987,7774
2026-06-16T19:00:00+00:00,1.3409699999999987,1.3413899999999988,1.3403299999999987,1.3405099999999988,9653
2026-06-16T20:00:00+00:00,1.3405099999999988,1.3408399999999987,1.3402899999999986,1.3407299999999986,3452
2026-06-16T21:00:00+00:00,1.3407299999999986,1.3410499999999987,1.3398899999999987,1.3405999999999987,3229
2026-06-16T22:00:00+00:00,1.3405999999999987,1.3409599999999986,1.3405999999999987,1.3408999999999986,1961
2026-06-16T23:00:00+00:00,1.3408999999999986,1.3411899999999988,1.3405999999999987,1.3406399999999987,3459
2026-06-17T00:00:00+00:00,1.3406399999999987,1.3413499999999987,1.3404999999999987,1.3411599999999986,24371
2026-06-17T01:00:00+00:00,1.3411599999999986,1.3414999999999986,1.3407699999999987,1.3407999999999987,6172
2026-06-17T02:00:00+00:00,1.3407999999999987,1.3412899999999988,1.3406699999999987,1.3406999999999987,4816
2026-06-17T03:00:00+00:00,1.3406999999999987,1.3410299999999986,1.3406099999999987,1.3408299999999986,4595
2026-06-17T04:00:00+00:00,1.3408299999999986,1.3414399999999986,1.3407999999999987,1.3412299999999986,4677
2026-06-17T05:00:00+00:00,1.3412299999999986,1.3415399999999986,1.3407799999999988,1.3408999999999986,5566
2026-06-17T06:00:00+00:00,1.3408999999999986,1.3419999999999987,1.3384399999999987,1.3395799999999987,10443
2026-06-17T07:00:00+00:00,1.3395799999999987,1.3402599999999987,1.3392799999999987,1.3401999999999987,10539
2026-06-17T08:00:00+00:00,1.3401999999999987,1.3402399999999988,1.3389499999999988,1.3398499999999987,10436
2026-06-17T09:00:00+00:00,1.3398499999999987,1.3401099999999986,1.3393899999999987,1.3398899999999987,7440
2026-06-17T10:00:00+00:00,1.3398899999999987,1.3399199999999987,1.3390499999999987,1.3393699999999986,8145
2026-06-17T11:00:00+00:00,1.3393699999999986,1.3394999999999986,1.3380899999999987,1.3386199999999986,10448
2026-06-17T12:00:00+00:00,1.3386199999999986,1.3397599999999987,1.3384899999999986,1.3396499999999987,8286
2026-06-17T13:00:00+00:00,1.3396499999999987,1.3399799999999986,1.3387099999999987,1.3387499999999988,13675
2026-06-17T14:00:00+00:00,1.3387499999999988,1.3389399999999987,1.3365899999999986,1.3374999999999986,18802
2026-06-17T15:00:00+00:00,1.3374999999999986,1.3379899999999987,1.3369199999999988,1.3377599999999987,13537
2026-06-17T16:00:00+00:00,1.3377599999999987,1.3379299999999987,1.3370799999999987,1.3377699999999988,8682
2026-06-17T17:00:00+00:00,1.3377699999999988,1.3384599999999987,1.3375499999999987,1.3377299999999988,10036
2026-06-17T18:00:00+00:00,1.3377299999999988,1.3380299999999987,1.3315599999999987,1.3318599999999987,57400
2026-06-17T19:00:00+00:00,1.3318599999999987,1.3321499999999986,1.3243399999999987,1.3266499999999988,58919
2026-06-17T20:00:00+00:00,1.3266499999999988,1.3280699999999988,1.3258499999999986,1.3269899999999988,10863
2026-06-17T21:00:00+00:00,1.3269899999999988,1.3280199999999986,1.3258599999999987,1.3265699999999987,3417.498786168123
2026-06-17T22:00:00+00:00,1.3265699999999987,1.3278099999999986,1.3263399999999987,1.3276899999999987,2828
2026-06-17T23:00:00+00:00,1.3276899999999987,1.3283599999999987,1.3276799999999986,1.3281699999999987,4044.8645496808763
2026-06-18T00:00:00+00:00,1.3281699999999987,1.3298799999999986,1.3281499999999986,1.3287399999999987,15001
2026-06-18T01:00:00+00:00,1.3287399999999987,1.3299799999999986,1.3286999999999987,1.3291199999999987,9874
2026-06-18T02:00:00+00:00,1.3291199999999987,1.3296699999999988,1.3287599999999986,1.3293099999999987,7211
2026-06-18T03:00:00+00:00,1.3293099999999987,1.3299099999999988,1.3292999999999988,1.3298099999999986,5479
2026-06-18T04:00:00+00:00,1.3298099999999986,1.3300699999999988,1.3293199999999987,1.3295499999999987,7097
2026-06-18T05:00:00+00:00,1.3295499999999987,1.3296599999999987,1.3280099999999988,1.3280199999999986,6563
2026-06-18T06:00:00+00:00,1.3280199999999986,1.3305899999999986,1.3279199999999987,1.3293599999999988,17556
2026-06-18T07:00:00+00:00,1.3293599999999988,1.3297999999999988,1.3270099999999987,1.3277899999999987,15072
2026-06-18T08:00:00+00:00,1.3277899999999987,1.3278099999999986,1.3222299999999987,1.3226299999999986,18245
2026-06-18T09:00:00+00:00,1.3226299999999986,1.3231099999999987,1.3214799999999987,1.3221299999999987,15640
2026-06-18T10:00:00+00:00,1.3221299999999987,1.3221299999999987,1.3206199999999988,1.3208299999999986,12670
2026-06-18T11:00:00+00:00,1.3208299999999986,1.3214399999999986,1.3186199999999988,1.3191899999999988,18052
2026-06-18T12:00:00+00:00,1.3191899999999988,1.3229299999999986,1.3190699999999986,1.3214499999999987,17988
2026-06-18T13:00:00+00:00,1.3214499999999987,1.3230599999999988,1.3205199999999988,1.3219299999999987,27887
2026-06-18T14:00:00+00:00,1.3219299999999987,1.3234099999999986,1.3211699999999986,1.3232999999999988,23272
2026-06-18T15:00:00+00:00,1.3232999999999988,1.3234499999999987,1.3206299999999986,1.3206699999999987,22302
2026-06-18T16:00:00+00:00,1.3206699999999987,1.3210399999999987,1.3192099999999987,1.3202299999999987,18846
2026-06-18T17:00:00+00:00,1.3202299999999987,1.3211199999999987,1.3189199999999988,1.3189599999999988,13894
2026-06-18T18:00:00+00:00,1.3189599999999988,1.3192699999999986,1.3183599999999986,1.3183899999999986,12125
2026-06-18T19:00:00+00:00,1.3183899999999986,1.3190399999999987,1.3174099999999986,1.3180799999999988,17845
2026-06-18T20:00:00+00:00,1.3180799999999988,1.3188499999999987,1.3178199999999987,1.3184799999999988,5915
2026-06-18T21:00:00+00:00,1.3184799999999988,1.3193499999999987,1.3177799999999986,1.3190299999999986,2846.106525396663
2026-06-18T22:00:00+00:00,1.3190299999999986,1.3194699999999986,1.3190299999999986,1.3193699999999986,1962
2026-06-18T23:00:00+00:00,1.3193699999999986,1.3194499999999987,1.3188699999999987,1.3189599999999986,2197
2026-06-19T00:00:00+00:00,1.3189599999999986,1.3199699999999985,1.3189299999999986,1.3197299999999985,9517
2026-06-19T01:00:00+00:00,1.3197299999999985,1.3199099999999986,1.3182999999999987,1.3183699999999987,7035
2026-06-19T02:00:00+00:00,1.3183699999999987,1.3193799999999987,1.3181699999999985,1.3189499999999985,5470
2026-06-19T03:00:00+00:00,1.3189499999999985,1.3189999999999986,1.3174199999999987,1.3175699999999986,7938
2026-06-19T04:00:00+00:00,1.3175699999999986,1.3176599999999985,1.3156499999999987,1.3157999999999985,8173
2026-06-19T05:00:00+00:00,1.3157999999999985,1.3187599999999986,1.3151399999999986,1.3180999999999987,10450
2026-06-19T06:00:00+00:00,1.3180999999999987,1.3187899999999986,1.3172499999999987,1.3186799999999985,11509
2026-06-19T07:00:00+00:00,1.3186799999999985,1.3196299999999985,1.3179299999999987,1.3183699999999987,11112
2026-06-19T08:00:00+00:00,1.3183699999999987,1.3221199999999986,1.3183599999999986,1.3220699999999985,11229
2026-06-19T09:00:00+00:00,1.3220699999999985,1.3229199999999985,1.3215599999999985,1.3222899999999986,11519
2026-06-19T10:00:00+00:00,1.3222899999999986,1.3224299999999987,1.3211399999999986,1.3223099999999985,11875
2026-06-19T11:00:00+00:00,1.3223099999999985,1.3228799999999985,1.3214999999999986,1.3217599999999987,9514
2026-06-19T12:00:00+00:00,1.3217599999999987,1.3228299999999986,1.3213499999999987,1.3223499999999986,13655
2026-06-19T13:00:00+00:00,1.3223499999999986,1.3224899999999986,1.3204699999999987,1.3208699999999987,13138
2026-06-19T14:00:00+00:00,1.3208699999999987,1.3223999999999987,1.3201899999999986,1.3218599999999987,15359
2026-06-19T15:00:00+00:00,1.3218599999999987,1.3223899999999986,1.3206199999999986,1.3208199999999986,9421
2026-06-19T16:00:00+00:00,1.3208199999999986,1.3218099999999986,1.3206299999999986,1.3216799999999986,4410
2026-06-19T17:00:00+00:00,1.3216799999999986,1.3226499999999985,1.3216499999999987,1.3219799999999986,7007
2026-06-19T18:00:00+00:00,1.3219799999999986,1.3225399999999987,1.3218499999999986,1.3221699999999985,5580
2026-06-19T19:00:00+00:00,1.3221699999999985,1.3224599999999986,1.3216699999999986,1.3221199999999986,6139
2026-06-19T20:00:00+00:00,1.3221199999999986,1.3225699999999987,1.3204599999999986,1.3223399999999985,8041.050731925355
2026-06-21T21:00:00+00:00,1.3223399999999985,1.3237899999999987,1.3222499999999986,1.3228399999999987,1120.876475901954
2026-06-21T22:00:00+00:00,1.3228399999999987,1.3250199999999985,1.3228399999999987,1.3246399999999985,3048
2026-06-21T23:00:00+00:00,1.3246399999999985,1.3248699999999987,1.3240399999999986,1.3246599999999986,3964
2026-06-22T00:00:00+00:00,1.3246599999999986,1.3261599999999987,1.3246599999999986,1.3261299999999985,10305
2026-06-22T01:00:00+00:00,1.3261299999999985,1.3272799999999987,1.3258899999999987,1.3258999999999985,11804
2026-06-22T02:00:00+00:00,1.3258999999999985,1.3266699999999987,1.3256599999999985,1.3263999999999987,6783
2026-06-22T03:00:00+00:00,1.3263999999999987,1.3266399999999985,1.3248499999999985,1.3251499999999985,8320
2026-06-22T04:00:00+00:00,1.3251499999999985,1.3252299999999986,1.3242899999999986,1.3246399999999985,7068
2026-06-22T05:00:00+00:00,1.3246399999999985,1.3259899999999987,1.3246199999999986,1.3248099999999985,7513
2026-06-22T06:00:00+00:00,1.3248099999999985,1.3255699999999986,1.3240199999999986,1.3249199999999985,13021
2026-06-22T07:00:00+00:00,1.3249199999999985,1.3257499999999987,1.3228699999999987,1.3233299999999986,14578
2026-06-22T08:00:00+00:00,1.3233299999999986,1.3250499999999985,1.3222699999999985,1.3244999999999987,16798
2026-06-22T09:00:00+00:00,1.3244999999999987,1.3274099999999986,1.3244499999999986,1.3267599999999986,13536
2026-06-22T10:00:00+00:00,1.3267599999999986,1.3286899999999986,1.3267199999999986,1.3276199999999987,13513
2026-06-22T11:00:00+00:00,1.3276199999999987,1.3282899999999986,1.3270799999999985,1.3274499999999987,14448
2026-06-22T12:00:00+00:00,1.3274499999999987,1.3312299999999986,1.3273799999999987,1.3300599999999987,16896
2026-06-22T13:00:00+00:00,1.3300599999999987,1.3304799999999986,1.3277099999999986,1.3277999999999985,23878
2026-06-22T14:00:00+00:00,1.3277999999999985,1.3304299999999987,1.3276899999999985,1.3301399999999985,32444
2026-06-22T15:00:00+00:00,1.3301399999999985,1.3306499999999986,1.3284899999999986,1.3286399999999985,18647
2026-06-22T16:00:00+00:00,1.3286399999999985,1.3287699999999987,1.3278899999999987,1.3283699999999985,13607
2026-06-22T17:00:00+00:00,1.3283699999999985,1.3285199999999986,1.3279599999999985,1.3283299999999987,8981
2026-06-22T18:00:00+00:00,1.3283299999999987,1.3285299999999987,1.3279699999999985,1.3282799999999986,8232
2026-06-22T19:00:00+00:00,1.3282799999999986,1.3288799999999985,1.3280599999999987,1.3286999999999987,10005
2026-06-22T20:00:00+00:00,1.3286999999999987,1.3290999999999986,1.3286099999999985,1.3287299999999986,4278
2026-06-22T21:00:00+00:00,1.3287299999999986,1.3294999999999983,1.3281599999999985,1.3286799999999983,2973.8393483577524
2026-06-22T22:00:00+00:00,1.3286799999999983,1.3295299999999983,1.3286799999999983,1.3291299999999984,1484
2026-06-22T23:00:00+00:00,1.3291299999999984,1.3292899999999983,1.3288999999999984,1.3289899999999983,1875
2026-06-23T00:00:00+00:00,1.3289899999999983,1.3291099999999982,1.3282299999999982,1.3288099999999983,9315
2026-06-23T01:00:00+00:00,1.3288099999999983,1.3289399999999982,1.3281999999999983,1.3286299999999984,9586
2026-06-23T02:00:00+00:00,1.3286299999999984,1.3292299999999984,1.3284599999999984,1.3284899999999984,8513
2026-06-23T03:00:00+00:00,1.3284899999999984,1.3292599999999983,1.3277399999999984,1.3291899999999983,7550
2026-06-23T04:00:00+00:00,1.3291899999999983,1.3292799999999982,1.3277999999999983,1.3279799999999984,6045
2026-06-23T05:00:00+00:00,1.3279799999999984,1.3285799999999983,1.3276299999999983,1.3285599999999984,8332
2026-06-23T06:00:00+00:00,1.3285599999999984,1.3289299999999984,1.3271899999999983,1.3277599999999983,16765
2026-06-23T07:00:00+00:00,1.3277599999999983,1.3292699999999984,1.3263699999999983,1.3269499999999983,21238
2026-06-23T08:00:00+00:00,1.3269499999999983,1.3278799999999984,1.3255699999999984,1.3263399999999983,17043
2026-06-23T09:00:00+00:00,1.3263399999999983,1.3273899999999983,1.3258799999999984,1.3273199999999983,12239
2026-06-23T10:00:00+00:00,1.3273199999999983,1.3274699999999984,1.3253399999999984,1.3262899999999984,12431
2026-06-23T11:00:00+00:00,1.3262899999999984,1.3269699999999982,1.3249999999999984,1.3251199999999983,11483
2026-06-23T12:00:00+00:00,1.3251199999999983,1.3263499999999984,1.3250099999999982,1.3254899999999983,15416
2026-06-23T13:00:00+00:00,1.3254899999999983,1.3265299999999982,1.3247999999999984,1.3256799999999984,19780
2026-06-23T14:00:00+00:00,1.3256799999999984,1.3258499999999984,1.3237999999999983,1.3243999999999982,21011
2026-06-23T15:00:00+00:00,1.3243999999999982,1.3245299999999982,1.3228099999999983,1.3232999999999984,16271
2026-06-23T16:00:00+00:00,1.3232999999999984,1.3240199999999984,1.3228999999999984,1.3229799999999983,10335
2026-06-23T17:00:00+00:00,1.3229799999999983,1.3234399999999984,1.3226199999999984,1.3230699999999984,7138
2026-06-23T18:00:00+00:00,1.3230699999999984,1.3232099999999982,1.3225399999999983,1.3231799999999982,6094
2026-06-23T19:00:00+00:00,1.3231799999999982,1.3243999999999982,1.3231299999999984,1.3238399999999984,8631
2026-06-23T20:00:00+00:00,1.3238399999999984,1.3247099999999983,1.3237899999999982,1.3246599999999984,3193
2026-06-23T21:00:00+00:00,1.3246599999999984,1.3246599999999984,1.3235899999999983,1.3243099999999983,1104.3847692709935
2026-06-23T22:00:00+00:00,1.3243099999999983,1.3244799999999983,1.3241599999999982,1.3242999999999983,1425
2026-06-23T23:00:00+00:00,1.3242999999999983,1.3246799999999983,1.3240199999999984,1.3242499999999984,3074
2026-06-24T00:00:00+00:00,1.3242499999999984,1.3246099999999983,1.3236899999999983,1.3242199999999984,12501
2026-06-24T01:00:00+00:00,1.3242199999999984,1.3244999999999982,1.3233799999999982,1.3244099999999983,10773
2026-06-24T02:00:00+00:00,1.3244099999999983,1.3247899999999984,1.3233799999999982,1.3233999999999984,7995
2026-06-24T03:00:00+00:00,1.3233999999999984,1.3244799999999983,1.3230399999999982,1.3241899999999984,9311
2026-06-24T04:00:00+00:00,1.3241899999999984,1.3242099999999983,1.3233899999999983,1.3236199999999982,8926
2026-06-24T05:00:00+00:00,1.3236199999999982,1.3241099999999983,1.3235299999999983,1.3238199999999982,8953
2026-06-24T06:00:00+00:00,1.3238199999999982,1.3252299999999984,1.3227299999999984,1.3229999999999984,13807
2026-06-24T07:00:00+00:00,1.3229999999999984,1.3241899999999984,1.3223199999999984,1.3229999999999984,17850
2026-06-24T08:00:00+00:00,1.3229999999999984,1.3240699999999983,1.3214399999999984,1.3235799999999984,17098
2026-06-24T09:00:00+00:00,1.3235799999999984,1.3238799999999984,1.3217899999999982,1.3218899999999982,14024
2026-06-24T10:00:00+00:00,1.3218899999999982,1.3219099999999984,1.3197999999999983,1.3198799999999984,11447
2026-06-24T11:00:00+00:00,1.3198799999999984,1.3216399999999984,1.3191599999999983,1.3205999999999982,13222
2026-06-24T12:00:00+00:00,1.3205999999999982,1.3211999999999984,1.3184799999999983,1.3193399999999984,17926
2026-06-24T13:00:00+00:00,1.3193399999999984,1.3209999999999984,1.3186699999999982,1.3204999999999982,25404
2026-06-24T14:00:00+00:00,1.3204999999999982,1.3210099999999982,1.3183399999999983,1.3190299999999984,20697
2026-06-24T15:00:00+00:00,1.3190299999999984,1.3214699999999984,1.3188599999999984,1.3201399999999983,18356
2026-06-24T16:00:00+00:00,1.3201399999999983,1.3221999999999983,1.3198899999999982,1.3213699999999984,13392
2026-06-24T17:00:00+00:00,1.3213699999999984,1.3215399999999984,1.3196899999999983,1.3198999999999983,12254
2026-06-24T18:00:00+00:00,1.3198999999999983,1.3212899999999983,1.3198499999999984,1.3205199999999984,11223
2026-06-24T19:00:00+00:00,1.3205199999999984,1.3208399999999982,1.3198999999999983,1.3203999999999982,11649
2026-06-24T20:00:00+00:00,1.3203999999999982,1.3212999999999984,1.3202499999999984,1.3209199999999983,6723
2026-06-24T21:00:00+00:00,1.3209199999999983,1.3209199999999983,1.3188399999999982,1.319989999999998,3709.410271411686
2026-06-24T22:00:00+00:00,1.319989999999998,1.3207499999999979,1.319989999999998,1.3205899999999977,1057.0442876811962
2026-06-24T23:00:00+00:00,1.3205899999999977,1.3207699999999976,1.3204099999999979,1.3205199999999975,2423.175674837108
2026-06-25T00:00:00+00:00,1.3205199999999975,1.3206999999999975,1.3199399999999974,1.3203999999999976,9371
2026-06-25T01:00:00+00:00,1.3203999999999976,1.3223799999999974,1.3203599999999975,1.3212099999999976,12396
2026-06-25T02:00:00+00:00,1.3212099999999976,1.3220899999999975,1.3209999999999975,1.3219199999999975,9195
2026-06-25T03:00:00+00:00,1.3219199999999975,1.3224799999999974,1.3218499999999975,1.3223599999999975,7394
2026-06-25T04:00:00+00:00,1.3223599999999975,1.3226499999999974,1.3220899999999975,1.3223499999999975,5747
2026-06-25T05:00:00+00:00,1.3223499999999975,1.3226299999999975,1.3216599999999976,1.3216999999999974,6088
2026-06-25T06:00:00+00:00,1.3216999999999974,1.3220199999999975,1.3208699999999975,1.3214499999999976,12244
2026-06-25T07:00:00+00:00,1.3214499999999976,1.3226599999999975,1.3211899999999974,1.3225899999999975,12072
2026-06-25T08:00:00+00:00,1.3225899999999975,1.3237999999999974,1.3222099999999974,1.3231899999999974,11516
2026-06-25T09:00:00+00:00,1.3231899999999974,1.3238699999999974,1.3224499999999975,1.3226399999999976,9513
2026-06-25T10:00:00+00:00,1.3226399999999976,1.3226599999999975,1.3205799999999974,1.3209999999999975,8578
2026-06-25T11:00:00+00:00,1.3209999999999975,1.3210399999999975,1.3192399999999975,1.3196399999999975,10013
2026-06-25T12:00:00+00:00,1.3196399999999975,1.3227899999999975,1.3193099999999975,1.3217499999999975,21874
2026-06-25T13:00:00+00:00,1.3217499999999975,1.3240199999999975,1.3214799999999975,1.3230199999999974,25320
2026-06-25T14:00:00+00:00,1.3230199999999974,1.3259999999999974,1.3229999999999975,1.3242399999999974,28322
2026-06-25T15:00:00+00:00,1.3242399999999974,1.3258499999999975,1.3239099999999975,1.3255999999999974,26103
2026-06-25T16:00:00+00:00,1.3255999999999974,1.3260299999999976,1.3244699999999976,1.3246999999999975,15065
2026-06-25T17:00:00+00:00,1.3246999999999975,1.3247799999999974,1.3239799999999975,1.3243199999999975,9879
2026-06-25T18:00:00+00:00,1.3243199999999975,1.3246999999999975,1.3235499999999976,1.3239099999999975,12003
2026-06-25T19:00:00+00:00,1.3239099999999975,1.3247099999999976,1.3235099999999975,1.3241099999999975,10187
2026-06-25T20:00:00+00:00,1.3241099999999975,1.3242899999999975,1.3230299999999975,1.3230899999999974,6877
2026-06-25T21:00:00+00:00,1.3230899999999974,1.3238399999999975,1.3225199999999975,1.3233099999999975,12107.084223685579
2026-06-25T22:00:00+00:00,1.3233099999999975,1.3235399999999975,1.3231399999999975,1.3234099999999975,2249
2026-06-25T23:00:00+00:00,1.3234099999999975,1.3234999999999975,1.3225699999999976,1.3228499999999974,4694
2026-06-26T00:00:00+00:00,1.3228499999999974,1.3235399999999975,1.3228199999999974,1.3234099999999975,11079
2026-06-26T01:00:00+00:00,1.3234099999999975,1.3240899999999975,1.3228299999999975,1.3231899999999974,11692
2026-06-26T02:00:00+00:00,1.3231899999999974,1.3233799999999976,1.3221399999999974,1.3224499999999975,9681
2026-06-26T03:00:00+00:00,1.3224499999999975,1.3239199999999975,1.3223599999999975,1.3238899999999976,9908
2026-06-26T04:00:00+00:00,1.3238899999999976,1.3242899999999975,1.3236199999999976,1.3242299999999976,8753
2026-06-26T05:00:00+00:00,1.3242299999999976,1.3248699999999975,1.3240299999999976,1.3245999999999976,8930
2026-06-26T06:00:00+00:00,1.3245999999999976,1.3248299999999975,1.3234999999999975,1.3238199999999976,14786
2026-06-26T07:00:00+00:00,1.3238199999999976,1.3252899999999974,1.3232099999999976,1.3245999999999976,13876
2026-06-26T08:00:00+00:00,1.3245999999999976,1.3263499999999975,1.3239999999999976,1.3257599999999976,18740
2026-06-26T09:00:00+00:00,1.3257599999999976,1.3269799999999976,1.3248699999999975,1.3260599999999976,14917
2026-06-26T10:00:00+00:00,1.3260599999999976,1.3264799999999974,1.3256299999999974,1.3263299999999976,13279
2026-06-26T11:00:00+00:00,1.3263299999999976,1.3265699999999976,1.3251699999999975,1.3257899999999976,16526
2026-06-26T12:00:00+00:00,1.3257899999999976,1.3262999999999976,1.3240999999999976,1.3251999999999975,20349
2026-06-26T13:00:00+00:00,1.3251999999999975,1.3266699999999976,1.3242899999999975,1.3266299999999975,24971
2026-06-26T14:00:00+00:00,1.3266299999999975,1.3273299999999975,1.3238599999999976,1.3238799999999975,18856
2026-06-26T15:00:00+00:00,1.3238799999999975,1.3263799999999974,1.3238699999999974,1.3262299999999976,16427
2026-06-26T16:00:00+00:00,1.3262299999999976,1.3262699999999976,1.3245499999999975,1.3246999999999975,12132
2026-06-26T17:00:00+00:00,1.3246999999999975,1.3251199999999974,1.3239499999999975,1.3241499999999975,7458
2026-06-26T18:00:00+00:00,1.3241499999999975,1.3247499999999974,1.3239999999999976,1.3240799999999975,7768
2026-06-26T19:00:00+00:00,1.3240799999999975,1.3244199999999975,1.3236599999999976,1.3239899999999976,5388
2026-06-26T20:00:00+00:00,1.3239899999999976,1.3244899999999975,1.3228299999999975,1.3229499999999976,7009.743464378367
2026-06-28T21:00:00+00:00,1.3229499999999976,1.3229499999999976,1.3213899999999976,1.3220399999999974,1115.7136738251074
2026-06-28T22:00:00+00:00,1.3220399999999974,1.3224899999999975,1.3216499999999975,1.3220199999999975,2116
2026-06-28T23:00:00+00:00,1.3220199999999975,1.3223899999999975,1.3217599999999976,1.3221899999999975,3319
2026-06-29T00:00:00+00:00,1.3221899999999975,1.3227199999999975,1.3219199999999975,1.3224599999999975,12458
2026-06-29T01:00:00+00:00,1.3224599999999975,1.3230399999999976,1.3221499999999975,1.3223899999999975,11579
2026-06-29T02:00:00+00:00,1.3223899999999975,1.3235599999999974,1.3223299999999976,1.3228099999999976,9790
2026-06-29T03:00:00+00:00,1.3228099999999976,1.3232099999999976,1.3223699999999976,1.3223999999999976,7073
2026-06-29T04:00:00+00:00,1.3223999999999976,1.3226299999999975,1.3221699999999974,1.3224499999999975,7108
2026-06-29T05:00:00+00:00,1.3224499999999975,1.3237699999999974,1.3224299999999976,1.3235899999999976,6887
2026-06-29T06:00:00+00:00,1.3235899999999976,1.3253699999999975,1.3234499999999976,1.3251199999999974,9572
2026-06-29T07:00:00+00:00,1.3251199999999974,1.3253599999999974,1.3237299999999974,1.3238799999999975,11767
2026-06-29T08:00:00+00:00,1.3238799999999975,1.3242699999999976,1.3228799999999976,1.3232599999999974,10041
2026-06-29T09:00:00+00:00,1.3232599999999974,1.3244299999999976,1.3231899999999974,1.3243699999999976,8944
2026-06-29T10:00:00+00:00,1.3243699999999976,1.3252399999999975,1.3235399999999975,1.3248499999999974,9806
2026-06-29T11:00:00+00:00,1.3248499999999974,1.3260399999999974,1.3248299999999975,1.3256899999999976,11006
2026-06-29T12:00:00+00:00,1.3256899999999976,1.3265999999999976,1.3253599999999974,1.3259299999999976,13830
2026-06-29T13:00:00+00:00,1.3259299999999976,1.3272699999999975,1.3259099999999975,1.3262199999999975,17092
2026-06-29T14:00:00+00:00,1.3262199999999975,1.3273799999999976,1.3253299999999975,1.3270399999999976,24160
2026-06-29T15:00:00+00:00,1.3270399999999976,1.3279499999999975,1.3268099999999976,1.3278999999999974,16572
2026-06-29T16:00:00+00:00,1.3278999999999974,1.3284299999999976,1.3276899999999976,1.3280099999999975,9930
2026-06-29T17:00:00+00:00,1.3280099999999975,1.3283399999999974,1.3276399999999975,1.3282799999999975,7944
2026-06-29T18:00:00+00:00,1.3282799999999975,1.3285999999999976,1.3281299999999976,1.3283399999999974,6715
2026-06-29T19:00:00+00:00,1.3283399999999974,1.3288099999999976,1.3280199999999975,1.3286299999999975,6324
2026-06-29T20:00:00+00:00,1.3286299999999975,1.3287799999999974,1.3282299999999976,1.3282299999999976,3218
2026-06-29T21:00:00+00:00,1.3282299999999976,1.3282299999999976,1.3269399999999976,1.3277799999999975,1649.4158856069016
2026-06-29T22:00:00+00:00,1.3277799999999975,1.3287299999999975,1.3277799999999975,1.3286199999999977,1196.0227082752856
2026-06-29T23:00:00+00:00,1.3286199999999977,1.3287199999999977,1.3278899999999976,1.3279599999999976,1657
2026-06-30T00:00:00+00:00,1.3279599999999976,1.3280699999999976,1.3265499999999977,1.3271499999999976,11973
2026-06-30T01:00:00+00:00,1.3271499999999976,1.3273699999999977,1.3259799999999977,1.3262399999999976,13226
2026-06-30T02:00:00+00:00,1.3262399999999976,1.3265699999999976,1.3259399999999977,1.3262799999999977,6586
2026-06-30T03:00:00+00:00,1.3262799999999977,1.3264999999999976,1.3257599999999976,1.3259499999999975,7776
2026-06-30T04:00:00+00:00,1.3259499999999975,1.3262299999999976,1.3254699999999977,1.3254799999999975,6613
2026-06-30T05:00:00+00:00,1.3254799999999975,1.3258699999999977,1.3251699999999975,1.3252499999999976,7919
2026-06-30T06:00:00+00:00,1.3252499999999976,1.3270899999999977,1.3248699999999975,1.3268099999999976,15458
2026-06-30T07:00:00+00:00,1.3268099999999976,1.3273199999999976,1.3259599999999976,1.3260399999999977,12012
2026-06-30T08:00:00+00:00,1.3260399999999977,1.3261699999999976,1.3247499999999977,1.3256299999999976,17815
2026-06-30T09:00:00+00:00,1.3256299999999976,1.3264099999999976,1.3255099999999975,1.3262199999999975,11317
2026-06-30T10:00:00+00:00,1.3262199999999975,1.3265799999999976,1.3257499999999975,1.3261999999999976,8681
2026-06-30T11:00:00+00:00,1.3261999999999976,1.3262499999999977,1.3241099999999977,1.3252699999999975,12884
2026-06-30T12:00:00+00:00,1.3252699999999975,1.3253099999999975,1.3238199999999976,1.3241399999999977,14362
2026-06-30T13:00:00+00:00,1.3241399999999977,1.3257699999999977,1.3239499999999975,1.3247299999999975,14528
2026-06-30T14:00:00+00:00,1.3247299999999975,1.3301899999999975,1.3240599999999976,1.3298599999999976,26726
2026-06-30T15:00:00+00:00,1.3298599999999976,1.3302899999999975,1.3281599999999976,1.3283299999999976,16716
2026-06-30T16:00:00+00:00,1.3283299999999976,1.3284799999999977,1.3274499999999976,1.3276999999999977,8710
2026-06-30T17:00:00+00:00,1.3276999999999977,1.3283999999999976,1.3276199999999976,1.3281899999999975,6506
2026-06-30T18:00:00+00:00,1.3281899999999975,1.3289399999999976,1.3279899999999976,1.3280699999999976,7548
2026-06-30T19:00:00+00:00,1.3280699999999976,1.3291099999999976,1.3277599999999976,1.3290099999999976,9244
2026-06-30T20:00:00+00:00,1.3290099999999976,1.3292099999999976,1.3284199999999977,1.3284199999999977,5301
2026-06-30T21:00:00+00:00,1.3284199999999977,1.3288599999999977,1.3275999999999977,1.3281699999999976,3076.332486462831
2026-06-30T22:00:00+00:00,1.3281699999999976,1.3289099999999978,1.3281699999999976,1.3286299999999978,1080
2026-06-30T23:00:00+00:00,1.3286299999999978,1.3286699999999978,1.3277799999999977,1.3278699999999977,1747
2026-07-01T00:00:00+00:00,1.3278699999999977,1.3280799999999977,1.3272899999999976,1.3274499999999978,8162
2026-07-01T01:00:00+00:00,1.3274499999999978,1.3274899999999978,1.3263999999999978,1.3266599999999977,11071
2026-07-01T02:00:00+00:00,1.3266599999999977,1.3269899999999977,1.3262899999999977,1.3265299999999978,7528
2026-07-01T03:00:00+00:00,1.3265299999999978,1.3268799999999978,1.3260999999999978,1.3264299999999978,6707
2026-07-01T04:00:00+00:00,1.3264299999999978,1.3272699999999977,1.3261399999999977,1.3270499999999978,6980
2026-07-01T05:00:00+00:00,1.3270499999999978,1.3274399999999977,1.3268099999999978,1.3270699999999978,7510
2026-07-01T06:00:00+00:00,1.3270699999999978,1.3273799999999978,1.3264299999999978,1.3271999999999977,13084
2026-07-01T07:00:00+00:00,1.3271999999999977,1.3274999999999977,1.3257799999999977,1.3273299999999977,12185
2026-07-01T08:00:00+00:00,1.3273299999999977,1.3281899999999978,1.3268399999999978,1.3275599999999976,12512
2026-07-01T09:00:00+00:00,1.3275599999999976,1.3285899999999977,1.3271999999999977,1.3275699999999977,13402
2026-07-01T10:00:00+00:00,1.3275699999999977,1.3285799999999977,1.3273799999999978,1.3281699999999976,8991
2026-07-01T11:00:00+00:00,1.3281699999999976,1.3282799999999977,1.3270199999999976,1.3271299999999977,12849
2026-07-01T12:00:00+00:00,1.3271299999999977,1.3277599999999978,1.3262899999999977,1.3265899999999977,17749
2026-07-01T13:00:00+00:00,1.3265899999999977,1.3309699999999978,1.3247799999999976,1.3292299999999977,33906
2026-07-01T14:00:00+00:00,1.3292299999999977,1.3321199999999978,1.3291799999999978,1.3306699999999978,31359
2026-07-01T15:00:00+00:00,1.3306699999999978,1.3310799999999978,1.3295399999999977,1.3306599999999977,22099
2026-07-01T16:00:00+00:00,1.3306599999999977,1.3320999999999978,1.3306499999999977,1.3310499999999978,18681
2026-07-01T17:00:00+00:00,1.3310499999999978,1.3314699999999977,1.3306199999999977,1.3306599999999977,10597
2026-07-01T18:00:00+00:00,1.3306599999999977,1.3308799999999978,1.3300499999999977,1.3307199999999977,8678
2026-07-01T19:00:00+00:00,1.3307199999999977,1.3311299999999977,1.3306099999999976,1.3307099999999978,9098
2026-07-01T20:00:00+00:00,1.3307099999999978,1.3309299999999977,1.3297899999999978,1.3303299999999978,4271
2026-07-01T21:00:00+00:00,1.3303299999999978,1.3308399999999978,1.3292999999999977,1.3295299999999977,3170.296270518098
2026-07-01T22:00:00+00:00,1.3295299999999977,1.3308999999999978,1.3295299999999977,1.3308799999999978,1037.6819705093835
2026-07-01T23:00:00+00:00,1.3308799999999978,1.3309199999999977,1.3306199999999977,1.3307499999999977,1587.7667121418826
2026-07-02T00:00:00+00:00,1.3307499999999977,1.3312499999999976,1.3303399999999976,1.3306899999999977,9617
2026-07-02T01:00:00+00:00,1.3306899999999977,1.3319799999999977,1.3305899999999977,1.3313299999999977,8043
2026-07-02T02:00:00+00:00,1.3313299999999977,1.3323799999999977,1.3312799999999976,1.3314299999999977,7598
2026-07-02T03:00:00+00:00,1.3314299999999977,1.3315899999999976,1.3308699999999978,1.3315499999999976,6217
2026-07-02T04:00:00+00:00,1.3315499999999976,1.3321099999999977,1.3314099999999978,1.3318099999999977,7381
2026-07-02T05:00:00+00:00,1.3318099999999977,1.3321799999999977,1.3315199999999976,1.3320199999999978,7607
2026-07-02T06:00:00+00:00,1.3320199999999978,1.3354999999999977,1.3320199999999978,1.3334399999999977,19599
2026-07-02T07:00:00+00:00,1.3334399999999977,1.3367299999999978,1.3326999999999978,1.3365499999999977,25156
2026-07-02T08:00:00+00:00,1.3365499999999977,1.3391999999999977,1.3364499999999977,1.3386199999999977,29309
2026-07-02T09:00:00+00:00,1.3386199999999977,1.3387699999999976,1.3367099999999976,1.3369399999999976,18744
2026-07-02T10:00:00+00:00,1.3369399999999976,1.3373599999999977,1.3354599999999976,1.3361599999999976,13362
2026-07-02T11:00:00+00:00,1.3361599999999976,1.3362299999999976,1.3337199999999976,1.3339399999999977,14701
2026-07-02T12:00:00+00:00,1.3339399999999977,1.3411999999999977,1.3325899999999977,1.3393399999999978,46715
2026-07-02T13:00:00+00:00,1.3393399999999978,1.3409699999999978,1.3381699999999976,1.3404699999999976,47161
2026-07-02T14:00:00+00:00,1.3404699999999976,1.3413599999999977,1.3385699999999976,1.3404599999999978,32384
2026-07-02T15:00:00+00:00,1.3404599999999978,1.3407699999999976,1.3389199999999977,1.3390899999999977,27014
2026-07-02T16:00:00+00:00,1.3390899999999977,1.3391399999999978,1.3377899999999976,1.3381899999999978,21903
2026-07-02T17:00:00+00:00,1.3381899999999978,1.3382999999999976,1.3366899999999977,1.3369699999999978,15360
2026-07-02T18:00:00+00:00,1.3369699999999978,1.3380399999999977,1.3369099999999976,1.3377099999999977,13083
2026-07-02T19:00:00+00:00,1.3377099999999977,1.3378799999999977,1.3370899999999977,1.3374399999999977,12080
2026-07-02T20:00:00+00:00,1.3374399999999977,1.3379699999999977,1.3372599999999977,1.3374299999999977,4474
2026-07-02T21:00:00+00:00,1.3374299999999977,1.3374399999999977,1.336049999999998,1.337239999999998,2681.438802352901
2026-07-02T22:00:00+00:00,1.337239999999998,1.337539999999998,1.336869999999998,1.3370799999999978,1457.7686736722521
2026-07-02T23:00:00+00:00,1.3370799999999978,1.337339999999998,1.336389999999998,1.336459999999998,2973
2026-07-03T00:00:00+00:00,1.336459999999998,1.3374199999999978,1.3360599999999978,1.3373899999999979,12302
2026-07-03T01:00:00+00:00,1.3373899999999979,1.338989999999998,1.337259999999998,1.338209999999998,12192
2026-07-03T02:00:00+00:00,1.338209999999998,1.3392499999999978,1.3380699999999979,1.3387499999999979,8409
2026-07-03T03:00:00+00:00,1.3387499999999979,1.3388399999999978,1.338319999999998,1.3387399999999978,7490
2026-07-03T04:00:00+00:00,1.3387399999999978,1.339199999999998,1.338459999999998,1.339129999999998,6668
2026-07-03T05:00:00+00:00,1.339129999999998,1.3403699999999978,1.3390199999999979,1.339159999999998,9068
2026-07-03T06:00:00+00:00,1.339159999999998,1.340729999999998,1.339069999999998,1.339439999999998,13342
2026-07-03T07:00:00+00:00,1.339439999999998,1.3402699999999979,1.338859999999998,1.339839999999998,11411
2026-07-03T08:00:00+00:00,1.339839999999998,1.340009999999998,1.3383299999999978,1.3386399999999978,9513
2026-07-03T09:00:00+00:00,1.3386399999999978,1.3388099999999978,1.337609999999998,1.3377199999999978,7726
2026-07-03T10:00:00+00:00,1.3377199999999978,1.3387099999999978,1.3375299999999979,1.338189999999998,6359
2026-07-03T11:00:00+00:00,1.338189999999998,1.3390199999999979,1.3379699999999979,1.3384399999999979,7862
2026-07-03T12:00:00+00:00,1.3384399999999979,1.3388099999999978,1.3380299999999978,1.3381999999999978,8367
2026-07-03T13:00:00+00:00,1.3381999999999978,1.3382299999999978,1.337199999999998,1.337569999999998,8308
2026-07-03T14:00:00+00:00,1.337569999999998,1.338489999999998,1.337299999999998,1.338259999999998,8620
2026-07-03T15:00:00+00:00,1.338259999999998,1.3383299999999978,1.337669999999998,1.3381699999999979,5708
2026-07-03T16:00:00+00:00,1.3381699999999979,1.338249999999998,1.337739999999998,1.338109999999998,3850
2026-07-03T17:00:00+00:00,1.338109999999998,1.338449999999998,1.3380699999999979,1.338279999999998,4989
2026-07-03T18:00:00+00:00,1.338279999999998,1.338389999999998,1.3381599999999978,1.3382399999999979,6039.4984316170985
2026-07-03T19:00:00+00:00,1.3382399999999979,1.338349999999998,1.3378599999999978,1.3378999999999979,7807
2026-07-03T20:00:00+00:00,1.3378999999999979,1.3379999999999979,1.336969999999998,1.3369799999999978,14337
2026-07-05T21:00:00+00:00,1.3369799999999978,1.3378899999999974,1.3366299999999973,1.3375099999999973,2657.704447031485
2026-07-05T22:00:00+00:00,1.3375099999999973,1.3385199999999973,1.3374299999999972,1.3379399999999972,1679.2680356660362
2026-07-05T23:00:00+00:00,1.3379399999999972,1.3384999999999974,1.3377099999999973,1.3383399999999974,3345
2026-07-06T00:00:00+00:00,1.3383399999999974,1.3387799999999974,1.3377499999999973,1.3384099999999974,13011
2026-07-06T01:00:00+00:00,1.3384099999999974,1.3385399999999974,1.3370299999999973,1.3370799999999974,11458
2026-07-06T02:00:00+00:00,1.3370799999999974,1.3378199999999973,1.3370399999999973,1.3377299999999974,9352
2026-07-06T03:00:00+00:00,1.3377299999999974,1.3379399999999972,1.3370599999999973,1.3373299999999972,7462
2026-07-06T04:00:00+00:00,1.3373299999999972,1.3376399999999973,1.3372199999999974,1.3373999999999973,6141
2026-07-06T05:00:00+00:00,1.3373999999999973,1.3375499999999974,1.3365299999999973,1.3367399999999974,8859
2026-07-06T06:00:00+00:00,1.3367399999999974,1.3371899999999974,1.3361299999999974,1.3365399999999974,13492
2026-07-06T07:00:00+00:00,1.3365399999999974,1.3380899999999973,1.3359799999999973,1.3379899999999973,14501
2026-07-06T08:00:00+00:00,1.3379899999999973,1.3381399999999974,1.3361599999999973,1.3368699999999973,11339
2026-07-06T09:00:00+00:00,1.3368699999999973,1.3372599999999972,1.3362399999999974,1.3366099999999974,12130
2026-07-06T10:00:00+00:00,1.3366099999999974,1.3378299999999974,1.3363199999999973,1.3371899999999974,11672
2026-07-06T11:00:00+00:00,1.3371899999999974,1.3376899999999974,1.3367199999999972,1.3375499999999974,11910
2026-07-06T12:00:00+00:00,1.3375499999999974,1.3382799999999972,1.3368499999999974,1.3373399999999973,12434
2026-07-06T13:00:00+00:00,1.3373399999999973,1.3387599999999973,1.3372199999999974,1.3376699999999973,15697
2026-07-06T14:00:00+00:00,1.3376699999999973,1.3390599999999973,1.3374299999999972,1.3387399999999974,13440
2026-07-06T15:00:00+00:00,1.3387399999999974,1.3399399999999972,1.3382899999999973,1.3398899999999974,12956
2026-07-06T16:00:00+00:00,1.3398899999999974,1.3407799999999974,1.3396399999999973,1.3406699999999974,9670
2026-07-06T17:00:00+00:00,1.3406699999999974,1.3415399999999973,1.3405999999999973,1.3412999999999973,7761
2026-07-06T18:00:00+00:00,1.3412999999999973,1.3428299999999973,1.3411999999999973,1.3425599999999973,6705
2026-07-06T19:00:00+00:00,1.3425599999999973,1.3428399999999974,1.3420599999999974,1.3423199999999973,6821
2026-07-06T20:00:00+00:00,1.3423199999999973,1.3424099999999974,1.3419099999999973,1.3419099999999973,3821
2026-07-06T21:00:00+00:00,1.3419099999999973,1.3422599999999973,1.3411199999999974,1.3418799999999973,3823.0176928741143
2026-07-06T22:00:00+00:00,1.3418799999999973,1.3427299999999973,1.3418199999999973,1.3427299999999973,1320
2026-07-06T23:00:00+00:00,1.3427299999999973,1.3432499999999974,1.3424799999999972,1.3425299999999973,2205
2026-07-07T00:00:00+00:00,1.3425299999999973,1.3426799999999974,1.3418899999999974,1.3419099999999973,9033
2026-07-07T01:00:00+00:00,1.3419099999999973,1.3432699999999973,1.3418999999999974,1.3427899999999973,10143
2026-07-07T02:00:00+00:00,1.3427899999999973,1.3430699999999973,1.3421999999999974,1.3422199999999973,5445
2026-07-07T03:00:00+00:00,1.3422199999999973,1.3428099999999974,1.3420299999999974,1.3421199999999973,6443
2026-07-07T04:00:00+00:00,1.3421199999999973,1.3424299999999973,1.3419699999999974,1.3420099999999973,4667
2026-07-07T05:00:00+00:00,1.3420099999999973,1.3421199999999973,1.3410499999999974,1.3415699999999973,8650
2026-07-07T06:00:00+00:00,1.3415699999999973,1.3417899999999974,1.3406399999999974,1.3411499999999974,9854
2026-07-07T07:00:00+00:00,1.3411499999999974,1.3416899999999974,1.3406299999999973,1.3408599999999973,10267
2026-07-07T08:00:00+00:00,1.3408599999999973,1.3424899999999973,1.3408399999999974,1.3422499999999973,11262
2026-07-07T09:00:00+00:00,1.3422499999999973,1.3423699999999974,1.3411199999999974,1.3411199999999974,9139
2026-07-07T10:00:00+00:00,1.3411199999999974,1.3417499999999973,1.3400499999999973,1.3415999999999972,8357
2026-07-07T11:00:00+00:00,1.3415999999999972,1.3425199999999973,1.3413699999999973,1.3419199999999973,12162
2026-07-07T12:00:00+00:00,1.3419199999999973,1.3423599999999973,1.3412099999999973,1.3416599999999974,12852
2026-07-07T13:00:00+00:00,1.3416599999999974,1.3417799999999973,1.3400499999999973,1.3401799999999973,16224
2026-07-07T14:00:00+00:00,1.3401799999999973,1.3416999999999972,1.3391899999999974,1.3410399999999973,16667
2026-07-07T15:00:00+00:00,1.3410399999999973,1.3411899999999974,1.3400799999999973,1.3401799999999973,13198
2026-07-07T16:00:00+00:00,1.3401799999999973,1.3406299999999973,1.3396199999999974,1.3402099999999972,9241
2026-07-07T17:00:00+00:00,1.3402099999999972,1.3406999999999973,1.3399399999999972,1.3405199999999973,6587
2026-07-07T18:00:00+00:00,1.3405199999999973,1.3407299999999973,1.3391399999999973,1.3394399999999973,9125
2026-07-07T19:00:00+00:00,1.3394399999999973,1.3395499999999974,1.3379899999999973,1.3392599999999972,12630
2026-07-07T20:00:00+00:00,1.3392599999999972,1.3393799999999974,1.3386499999999972,1.3390099999999974,4011
2026-07-07T21:00:00+00:00,1.3390099999999974,1.3390199999999974,1.3375899999999974,1.3381899999999973,3527.3753094926983
2026-07-07T22:00:00+00:00,1.3381899999999973,1.3386499999999972,1.3379999999999974,1.3383699999999974,1207
2026-07-07T23:00:00+00:00,1.3383699999999974,1.3385699999999974,1.3376299999999974,1.3377699999999972,2242
2026-07-08T00:00:00+00:00,1.3377699999999972,1.3386399999999974,1.3374199999999974,1.3383599999999973,11621
2026-07-08T01:00:00+00:00,1.3383599999999973,1.3385799999999974,1.3373399999999973,1.3380299999999974,12653
2026-07-08T02:00:00+00:00,1.3380299999999974,1.3386099999999974,1.3378899999999974,1.3383899999999973,10028
2026-07-08T03:00:00+00:00,1.3383899999999973,1.3390499999999974,1.3383899999999973,1.3385899999999973,7866
2026-07-08T04:00:00+00:00,1.3385899999999973,1.3386099999999974,1.3381799999999973,1.3384399999999974,7685
2026-07-08T05:00:00+00:00,1.3384399999999974,1.3389899999999972,1.3382799999999972,1.3387499999999974,8839
2026-07-08T06:00:00+00:00,1.3387499999999974,1.3397199999999974,1.3386199999999973,1.3396399999999973,15764
2026-07-08T07:00:00+00:00,1.3396399999999973,1.3401199999999973,1.3386199999999973,1.3396199999999974,14365
2026-07-08T08:00:00+00:00,1.3396199999999974,1.3401399999999974,1.3368699999999973,1.3370899999999972,28987
2026-07-08T09:00:00+00:00,1.3370899999999972,1.3379899999999973,1.3353399999999973,1.3373199999999974,25489
2026-07-08T10:00:00+00:00,1.3373199999999974,1.3387999999999973,1.3371699999999973,1.3377099999999973,13419
2026-07-08T11:00:00+00:00,1.3377099999999973,1.3378899999999974,1.3360699999999974,1.3366999999999973,19152
2026-07-08T12:00:00+00:00,1.3366999999999973,1.3387799999999974,1.3365799999999974,1.3372199999999974,22157
2026-07-08T13:00:00+00:00,1.3372199999999974,1.3409099999999974,1.3371399999999973,1.3401999999999974,26082
2026-07-08T14:00:00+00:00,1.3401999999999974,1.3406699999999974,1.3394899999999974,1.3403099999999972,25552
2026-07-08T15:00:00+00:00,1.3403099999999972,1.3406699999999974,1.3387899999999973,1.3391599999999972,21211
2026-07-08T16:00:00+00:00,1.3391599999999972,1.3417199999999974,1.3391399999999973,1.3415999999999972,16801
2026-07-08T17:00:00+00:00,1.3415999999999972,1.3441599999999974,1.3415899999999974,1.3426199999999973,14707
2026-07-08T18:00:00+00:00,1.3426199999999973,1.3437199999999974,1.3423499999999973,1.3430699999999973,12775
2026-07-08T19:00:00+00:00,1.3430699999999973,1.343849999999997,1.3428399999999971,1.343339999999997,10054.49504950495
2026-07-08T20:00:00+00:00,1.343339999999997,1.343509999999997,1.3416299999999972,1.3418899999999971,7203
2026-07-08T21:00:00+00:00,1.3418899999999971,1.3425799999999972,1.3411099999999971,1.3417699999999972,3352.1934633025885
2026-07-08T22:00:00+00:00,1.3417699999999972,1.3422999999999972,1.3417699999999972,1.3422199999999973,1369
2026-07-08T23:00:00+00:00,1.3422199999999973,1.3425399999999972,1.342019999999997,1.3424399999999972,2216
2026-07-09T00:00:00+00:00,1.3424399999999972,1.343509999999997,1.3424199999999973,1.3428399999999971,9332
2026-07-09T01:00:00+00:00,1.3428399999999971,1.3430199999999972,1.3417599999999972,1.3427699999999971,10071
2026-07-09T02:00:00+00:00,1.3427699999999971,1.3431299999999973,1.3424899999999973,1.3425099999999972,8379
2026-07-09T03:00:00+00:00,1.3425099999999972,1.3431699999999973,1.3421199999999973,1.3426899999999973,8509
2026-07-09T04:00:00+00:00,1.3426899999999973,1.3430799999999972,1.342459999999997,1.3429999999999973,5960
2026-07-09T05:00:00+00:00,1.3429999999999973,1.3438599999999972,1.342969999999997,1.3435299999999972,8837
2026-07-09T06:00:00+00:00,1.3435299999999972,1.3461799999999973,1.3435299999999972,1.3456199999999972,14944
2026-07-09T07:00:00+00:00,1.3456199999999972,1.3458299999999972,1.3442299999999971,1.3445899999999973,12030
2026-07-09T08:00:00+00:00,1.3445899999999973,1.3452499999999972,1.3441599999999971,1.3443399999999972,12688
2026-07-09T09:00:00+00:00,1.3443399999999972,1.3446799999999972,1.3437699999999972,1.3443499999999973,9349
2026-07-09T10:00:00+00:00,1.3443499999999973,1.3443899999999973,1.3424499999999973,1.3426599999999973,8936
2026-07-09T11:00:00+00:00,1.3426599999999973,1.3426999999999971,1.3415499999999971,1.3419499999999973,11375
2026-07-09T12:00:00+00:00,1.3419499999999973,1.3429099999999972,1.3411699999999973,1.3415299999999972,14464
2026-07-09T13:00:00+00:00,1.3415299999999972,1.3433499999999972,1.3415299999999972,1.3431899999999972,12714
2026-07-09T14:00:00+00:00,1.3431899999999972,1.344189999999997,1.341849999999997,1.3421999999999972,18500
2026-07-09T15:00:00+00:00,1.3421999999999972,1.3439699999999972,1.3417799999999973,1.3437999999999972,13066
2026-07-09T16:00:00+00:00,1.3437999999999972,1.3442999999999972,1.3433199999999972,1.3440699999999972,8532
2026-07-09T17:00:00+00:00,1.3440699999999972,1.3447599999999973,1.3438799999999973,1.3446999999999971,6567
2026-07-09T18:00:00+00:00,1.3446999999999971,1.3450199999999972,1.3441499999999973,1.3446599999999973,6811
2026-07-09T19:00:00+00:00,1.3446599999999973,1.3448399999999971,1.3435699999999973,1.343849999999997,7530
2026-07-09T20:00:00+00:00,1.343849999999997,1.3442199999999973,1.3437899999999972,1.3438799999999973,2938
2026-07-09T21:00:00+00:00,1.3438799999999973,1.3438799999999973,1.3420999999999965,1.3430299999999966,7239.01048195431
2026-07-09T22:00:00+00:00,1.3430299999999966,1.3441999999999965,1.3430299999999966,1.3441099999999966,1529
2026-07-09T23:00:00+00:00,1.3441099999999966,1.3442599999999965,1.3439799999999966,1.3442499999999966,1352.3689688498996
2026-07-10T00:00:00+00:00,1.3442499999999966,1.3454199999999965,1.3437699999999966,1.3451699999999966,8404
2026-07-10T01:00:00+00:00,1.3451699999999966,1.3468099999999965,1.3448799999999965,1.3463999999999965,12445
2026-07-10T02:00:00+00:00,1.3463999999999965,1.3480999999999965,1.3462999999999965,1.3477699999999966,12558
2026-07-10T03:00:00+00:00,1.3477699999999966,1.3479299999999965,1.3466699999999965,1.3468599999999966,7481
2026-07-10T04:00:00+00:00,1.3468599999999966,1.3468599999999966,1.3456499999999965,1.3459499999999964,6461
2026-07-10T05:00:00+00:00,1.3459499999999964,1.3462299999999965,1.3450899999999966,1.3456199999999965,7376
2026-07-10T06:00:00+00:00,1.3456199999999965,1.3465399999999965,1.3453199999999965,1.3455799999999964,14311
2026-07-10T07:00:00+00:00,1.3455799999999964,1.3459999999999965,1.3449699999999964,1.3450999999999966,13474
2026-07-10T08:00:00+00:00,1.3450999999999966,1.3455799999999964,1.3437799999999966,1.3439099999999966,12328
2026-07-10T09:00:00+00:00,1.3439099999999966,1.3445499999999966,1.3438399999999966,1.3439199999999965,9680
2026-07-10T10:00:00+00:00,1.3439199999999965,1.3465799999999966,1.3439099999999966,1.3461899999999964,11586
2026-07-10T11:00:00+00:00,1.3461899999999964,1.3466599999999966,1.3446699999999965,1.3455399999999966,11098
2026-07-10T12:00:00+00:00,1.3455399999999966,1.3466399999999965,1.3443399999999965,1.3450299999999966,18110
2026-07-10T13:00:00+00:00,1.3450299999999966,1.3450599999999966,1.3433399999999964,1.3435199999999965,14916
2026-07-10T14:00:00+00:00,1.3435199999999965,1.3442999999999965,1.3421099999999966,1.3438999999999965,21784
2026-07-10T15:00:00+00:00,1.3438999999999965,1.3451099999999965,1.3436999999999966,1.3449899999999966,14508
2026-07-10T16:00:00+00:00,1.3449899999999966,1.3452499999999965,1.3440099999999966,1.3440399999999966,12821
2026-07-10T17:00:00+00:00,1.3440399999999966,1.3442099999999966,1.3428499999999965,1.3429399999999965,9206
2026-07-10T18:00:00+00:00,1.3429399999999965,1.3429999999999966,1.3421899999999964,1.3427699999999965,8670
2026-07-10T19:00:00+00:00,1.3427699999999965,1.3428499999999965,1.3423699999999965,1.3427399999999965,3943
2026-07-10T20:00:00+00:00,1.3427399999999965,1.3429899999999966,1.3422299999999965,1.3426099999999965,5321
2026-07-12T21:00:00+00:00,1.3426099999999965,1.3432199999999965,1.3423799999999966,1.342779999999996,142.32097787949476
2026-07-12T22:00:00+00:00,1.342779999999996,1.3427899999999962,1.3412099999999962,1.341799999999996,4302
2026-07-12T23:00:00+00:00,1.341799999999996,1.3429199999999961,1.3415399999999962,1.3429199999999961,5164
2026-07-13T00:00:00+00:00,1.3429199999999961,1.343049999999996,1.341829999999996,1.341899999999996,19150
2026-07-13T01:00:00+00:00,1.341899999999996,1.3426399999999963,1.3409699999999962,1.3426199999999961,18899
2026-07-13T02:00:00+00:00,1.3426199999999961,1.3427299999999962,1.3419199999999962,1.341969999999996,14065
2026-07-13T03:00:00+00:00,1.341969999999996,1.342239999999996,1.341389999999996,1.3421399999999961,11909
2026-07-13T04:00:00+00:00,1.3421399999999961,1.342779999999996,1.341799999999996,1.342679999999996,8730
2026-07-13T05:00:00+00:00,1.342679999999996,1.3430799999999963,1.3420299999999963,1.342239999999996,15399
2026-07-13T06:00:00+00:00,1.342239999999996,1.3435399999999962,1.3417199999999962,1.3421199999999962,15477
2026-07-13T07:00:00+00:00,1.3421199999999962,1.3438499999999962,1.3420499999999962,1.343629999999996,20446
2026-07-13T08:00:00+00:00,1.343629999999996,1.3454699999999962,1.3435499999999962,1.343729999999996,21411
2026-07-13T09:00:00+00:00,1.343729999999996,1.3438899999999963,1.3427899999999962,1.343389999999996,13630
2026-07-13T10:00:00+00:00,1.343389999999996,1.3441999999999963,1.3424599999999962,1.344169999999996,13764
2026-07-13T11:00:00+00:00,1.344169999999996,1.3445299999999962,1.3428199999999961,1.343629999999996,14299
2026-07-13T12:00:00+00:00,1.343629999999996,1.3441899999999962,1.3426199999999961,1.3441899999999962,15867
2026-07-13T13:00:00+00:00,1.3441899999999962,1.3445399999999963,1.3426499999999961,1.3428099999999963,19947
2026-07-13T14:00:00+00:00,1.3428099999999963,1.3430399999999962,1.3406199999999961,1.3421599999999962,26754
2026-07-13T15:00:00+00:00,1.3421599999999962,1.3424999999999963,1.3413199999999963,1.3423199999999962,20002
2026-07-13T16:00:00+00:00,1.3423199999999962,1.3427199999999961,1.3400499999999962,1.340609999999996,21278
2026-07-13T17:00:00+00:00,1.340609999999996,1.3409399999999962,1.339969999999996,1.3401399999999961,14942
2026-07-13T18:00:00+00:00,1.3401399999999961,1.3403999999999963,1.3397599999999963,1.3403199999999962,13524
2026-07-13T19:00:00+00:00,1.3403199999999962,1.340409999999996,1.3394399999999962,1.339629999999996,12074
2026-07-13T20:00:00+00:00,1.339629999999996,1.3397699999999961,1.3385399999999963,1.3390299999999962,4684
2026-07-13T21:00:00+00:00,1.3390299999999962,1.339289999999996,1.3385899999999962,1.3386699999999963,2137.1761288164107
2026-07-13T22:00:00+00:00,1.3386699999999963,1.339629999999996,1.3386699999999963,1.3391999999999962,2095
2026-07-13T23:00:00+00:00,1.3391999999999962,1.3394899999999963,1.3389799999999963,1.3393299999999961,4059
2026-07-14T00:00:00+00:00,1.3393299999999961,1.3400999999999963,1.3385999999999962,1.3394999999999961,21103
2026-07-14T01:00:00+00:00,1.3394999999999961,1.3401399999999961,1.3394199999999963,1.3398399999999961,16175
2026-07-14T02:00:00+00:00,1.3398399999999961,1.3403799999999961,1.3397899999999963,1.3400299999999963,11452
2026-07-14T03:00:00+00:00,1.3400299999999963,1.3407699999999962,1.3398199999999962,1.340409999999996,11669
2026-07-14T04:00:00+00:00,1.340409999999996,1.3406299999999962,1.3400099999999961,1.3402799999999961,10264
2026-07-14T05:00:00+00:00,1.3402799999999961,1.3413299999999961,1.340239999999996,1.3406399999999963,9478
2026-07-14T06:00:00+00:00,1.3406399999999963,1.3408699999999962,1.3396199999999963,1.339969999999996,13180
2026-07-14T07:00:00+00:00,1.339969999999996,1.3408299999999962,1.3394999999999961,1.3401099999999961,19762
2026-07-14T08:00:00+00:00,1.3401099999999961,1.3420299999999963,1.3397599999999963,1.3418399999999961,18623
2026-07-14T09:00:00+00:00,1.3418399999999961,1.3427299999999962,1.3417599999999963,1.3423199999999962,13893
2026-07-14T10:00:00+00:00,1.3423199999999962,1.3426199999999961,1.3413699999999962,1.341629999999996,12744
2026-07-14T11:00:00+00:00,1.341629999999996,1.3430899999999961,1.3409799999999963,1.3427899999999962,14707
2026-07-14T12:00:00+00:00,1.3427899999999962,1.3486899999999962,1.3423799999999961,1.3452799999999963,35657
2026-07-14T13:00:00+00:00,1.3452799999999963,1.3462999999999963,1.344169999999996,1.3459399999999961,34155
2026-07-14T14:00:00+00:00,1.3459399999999961,1.3466599999999962,1.3440399999999961,1.3448699999999962,29284
2026-07-14T15:00:00+00:00,1.3448699999999962,1.3457599999999963,1.3423499999999962,1.3426399999999963,23606
2026-07-14T16:00:00+00:00,1.3426399999999963,1.343559999999996,1.3419199999999962,1.3432499999999963,14202
2026-07-14T17:00:00+00:00,1.3432499999999963,1.3434699999999962,1.3411699999999962,1.342069999999996,12601
2026-07-14T18:00:00+00:00,1.342069999999996,1.3427899999999962,1.341459999999996,1.3425399999999963,12850
2026-07-14T19:00:00+00:00,1.3425399999999963,1.3435099999999962,1.3424699999999963,1.3431599999999961,11610
2026-07-14T20:00:00+00:00,1.3431599999999961,1.3435299999999961,1.3422999999999963,1.3424399999999963,4740
2026-07-14T21:00:00+00:00,1.3424399999999963,1.343299999999996,1.341379999999996,1.3426699999999958,2330.090019850825
2026-07-14T22:00:00+00:00,1.3426699999999958,1.3437899999999958,1.3426699999999958,1.343409999999996,2274
2026-07-14T23:00:00+00:00,1.343409999999996,1.3439999999999959,1.343379999999996,1.343979999999996,3047
2026-07-15T00:00:00+00:00,1.343979999999996,1.344789999999996,1.3437899999999958,1.3446799999999959,9300
2026-07-15T01:00:00+00:00,1.3446799999999959,1.344959999999996,1.3442399999999959,1.344559999999996,10679
2026-07-15T02:00:00+00:00,1.344559999999996,1.3452799999999958,1.344309999999996,1.344959999999996,8812
2026-07-15T03:00:00+00:00,1.344959999999996,1.3452799999999958,1.344179999999996,1.344719999999996,8322
2026-07-15T04:00:00+00:00,1.344719999999996,1.344899999999996,1.3445699999999958,1.3446099999999959,5954
2026-07-15T05:00:00+00:00,1.3446099999999959,1.3457899999999958,1.344379999999996,1.3453799999999958,8708
2026-07-15T06:00:00+00:00,1.3453799999999958,1.346349999999996,1.3453799999999958,1.3458599999999958,13151
2026-07-15T07:00:00+00:00,1.3458599999999958,1.346359999999996,1.344449999999996,1.344559999999996,12613
2026-07-15T08:00:00+00:00,1.344559999999996,1.345089999999996,1.3434599999999959,1.343989999999996,11736
2026-07-15T09:00:00+00:00,1.343989999999996,1.3442399999999959,1.343229999999996,1.3433899999999959,10988
2026-07-15T10:00:00+00:00,1.3433899999999959,1.344319999999996,1.342419999999996,1.344319999999996,12040
2026-07-15T11:00:00+00:00,1.344319999999996,1.3458599999999958,1.3439299999999959,1.345359999999996,12391
2026-07-15T12:00:00+00:00,1.345359999999996,1.3473899999999959,1.3446399999999958,1.3471799999999958,17770
2026-07-15T13:00:00+00:00,1.3471799999999958,1.3493199999999959,1.346529999999996,1.348459999999996,17460
2026-07-15T14:00:00+00:00,1.348459999999996,1.352589999999996,1.348119999999996,1.352189999999996,22346
2026-07-15T15:00:00+00:00,1.352189999999996,1.354139999999996,1.351479999999996,1.353919999999996,18396
2026-07-15T16:00:00+00:00,1.353919999999996,1.357169999999996,1.3537599999999959,1.356969999999996,18016
2026-07-15T17:00:00+00:00,1.356969999999996,1.359239999999996,1.356929999999996,1.3590799999999958,17518
2026-07-15T18:00:00+00:00,1.3590799999999958,1.360149999999996,1.357939999999996,1.357979999999996,13654
2026-07-15T19:00:00+00:00,1.357979999999996,1.358799999999996,1.3571099999999958,1.3578299999999959,11972
2026-07-15T20:00:00+00:00,1.3578299999999959,1.358289999999996,1.357739999999996,1.358249999999996,3570
2026-07-15T21:00:00+00:00,1.358249999999996,1.358689999999996,1.357269999999995,1.3582399999999952,4702.869469666435
2026-07-15T22:00:00+00:00,1.3582399999999952,1.3590499999999952,1.3582399999999952,1.3586499999999953,1565.57103706909
2026-07-15T23:00:00+00:00,1.3586499999999953,1.3592299999999953,1.3585499999999953,1.3586999999999951,3150.6882232811436
2026-07-16T00:00:00+00:00,1.3586999999999951,1.3592899999999952,1.3575899999999952,1.3582399999999952,14865
2026-07-16T01:00:00+00:00,1.3582399999999952,1.3583499999999953,1.3574299999999953,1.3575599999999952,13361
2026-07-16T02:00:00+00:00,1.3575599999999952,1.3575799999999951,1.356829999999995,1.3575499999999951,10764
2026-07-16T03:00:00+00:00,1.3575499999999951,1.3586299999999951,1.3574299999999953,1.3581599999999951,6813
2026-07-16T04:00:00+00:00,1.3581599999999951,1.3583599999999951,1.3578899999999952,1.3581099999999953,7799
2026-07-16T05:00:00+00:00,1.3581099999999953,1.3589399999999952,1.3575599999999952,1.3577199999999952,10270
2026-07-16T06:00:00+00:00,1.3577199999999952,1.3590699999999951,1.3576199999999952,1.3588499999999952,13990
2026-07-16T07:00:00+00:00,1.3588499999999952,1.3590899999999952,1.3578999999999952,1.3581699999999952,13370
2026-07-16T08:00:00+00:00,1.3581699999999952,1.3582899999999951,1.3567499999999952,1.3569399999999952,12473
2026-07-16T09:00:00+00:00,1.3569399999999952,1.3569899999999953,1.3554199999999952,1.3555899999999952,11116
2026-07-16T10:00:00+00:00,1.3555899999999952,1.3557899999999952,1.3551199999999952,1.3552099999999951,9707
2026-07-16T11:00:00+00:00,1.3552099999999951,1.3555599999999952,1.3541799999999953,1.355509999999995,15923
2026-07-16T12:00:00+00:00,1.355509999999995,1.3563699999999952,1.3545699999999952,1.3546099999999952,18527
2026-07-16T13:00:00+00:00,1.3546099999999952,1.3565799999999952,1.3544699999999952,1.3556999999999952,17930
2026-07-16T14:00:00+00:00,1.3556999999999952,1.356219999999995,1.3535799999999951,1.3536699999999953,21770
2026-07-16T15:00:00+00:00,1.3536699999999953,1.3539899999999951,1.3528599999999953,1.3531499999999952,14227
2026-07-16T16:00:00+00:00,1.3531499999999952,1.3532099999999951,1.3513799999999951,1.3514499999999952,10716
2026-07-16T17:00:00+00:00,1.3514499999999952,1.3520399999999952,1.3508099999999952,1.3518099999999953,10662
2026-07-16T18:00:00+00:00,1.3518099999999953,1.3519699999999952,1.3513299999999953,1.3518899999999952,11919
2026-07-16T19:00:00+00:00,1.3518899999999952,1.3523999999999952,1.3515499999999951,1.352319999999995,11446
2026-07-16T20:00:00+00:00,1.352319999999995,1.3528799999999952,1.352219999999995,1.3525299999999951,4574
2026-07-16T21:00:00+00:00,1.3525299999999951,1.3527099999999952,1.3514799999999951,1.351789999999995,759.8848607433761
2026-07-16T22:00:00+00:00,1.351789999999995,1.352339999999995,1.351789999999995,1.352009999999995,1181
2026-07-16T23:00:00+00:00,1.352009999999995,1.352459999999995,1.351939999999995,1.352429999999995,3005
2026-07-17T00:00:00+00:00,1.352429999999995,1.352489999999995,1.351589999999995,1.352339999999995,11208
2026-07-17T01:00:00+00:00,1.352339999999995,1.352599999999995,1.351009999999995,1.351229999999995,12531
2026-07-17T02:00:00+00:00,1.351229999999995,1.351549999999995,1.350919999999995,1.3509699999999951,11962
2026-07-17T03:00:00+00:00,1.3509699999999951,1.351519999999995,1.350819999999995,1.3511399999999951,10002
2026-07-17T04:00:00+00:00,1.3511399999999951,1.351179999999995,1.350329999999995,1.350509999999995,8429
2026-07-17T05:00:00+00:00,1.350509999999995,1.3512399999999951,1.350349999999995,1.350919999999995,9072
2026-07-17T06:00:00+00:00,1.350919999999995,1.352209999999995,1.350539999999995,1.352029999999995,14021
2026-07-17T07:00:00+00:00,1.352029999999995,1.352719999999995,1.350329999999995,1.350349999999995,13182
2026-07-17T08:00:00+00:00,1.350349999999995,1.350849999999995,1.348829999999995,1.348939999999995,15598
2026-07-17T09:00:00+00:00,1.348939999999995,1.349069999999995,1.348199999999995,1.348919999999995,11806
2026-07-17T10:00:00+00:00,1.348919999999995,1.348939999999995,1.347229999999995,1.347779999999995,12094
2026-07-17T11:00:00+00:00,1.347779999999995,1.349299999999995,1.347379999999995,1.348459999999995,12123
2026-07-17T12:00:00+00:00,1.348459999999995,1.348659999999995,1.347439999999995,1.347789999999995,12901
2026-07-17T13:00:00+00:00,1.347789999999995,1.349739999999995,1.347449999999995,1.349629999999995,18798
2026-07-17T14:00:00+00:00,1.349629999999995,1.350089999999995,1.348909999999995,1.349149999999995,17346
2026-07-17T15:00:00+00:00,1.349149999999995,1.350109999999995,1.348839999999995,1.349099999999995,16065
2026-07-17T16:00:00+00:00,1.349099999999995,1.350229999999995,1.348389999999995,1.350219999999995,15454
2026-07-17T17:00:00+00:00,1.350219999999995,1.350619999999995,1.349739999999995,1.349939999999995,11093
2026-07-17T18:00:00+00:00,1.349939999999995,1.350289999999995,1.349759999999995,1.350039999999995,7755
2026-07-17T19:00:00+00:00,1.350039999999995,1.350599999999995,1.349719999999995,1.350449999999995,8600
2026-07-17T20:00:00+00:00,1.350449999999995,1.350619999999995,1.348759999999995,1.349429999999995,3319
2026-07-19T21:00:00+00:00,1.349429999999995,1.3513399999999953,1.349229999999995,1.350219999999995,2160.7980255009243
2026-07-19T22:00:00+00:00,1.350219999999995,1.3511299999999953,1.350219999999995,1.350829999999995,3992
2026-07-19T23:00:00+00:00,1.350829999999995,1.3509499999999952,1.3505399999999952,1.350899999999995,4157
2026-07-20T00:00:00+00:00,1.350899999999995,1.351609999999995,1.3507099999999952,1.3514899999999952,10071
2026-07-20T01:00:00+00:00,1.3514899999999952,1.3518399999999953,1.3512599999999952,1.3518199999999951,13946
2026-07-20T02:00:00+00:00,1.3518199999999951,1.3527599999999953,1.3517299999999952,1.3523299999999951,9614
2026-07-20T03:00:00+00:00,1.3523299999999951,1.3525899999999953,1.3521899999999951,1.352459999999995,8047
2026-07-20T04:00:00+00:00,1.352459999999995,1.3531999999999953,1.3524499999999953,1.3530299999999953,5297
2026-07-20T05:00:00+00:00,1.3530299999999953,1.353169999999995,1.3527699999999951,1.3530499999999952,6892
2026-07-20T06:00:00+00:00,1.3530499999999952,1.3533099999999951,1.3521599999999951,1.3522499999999953,13819
2026-07-20T07:00:00+00:00,1.3522499999999953,1.3545399999999952,1.3521599999999951,1.3540199999999951,17481
2026-07-20T08:00:00+00:00,1.3540199999999951,1.3540999999999952,1.3530099999999952,1.3533699999999953,9632
2026-07-20T09:00:00+00:00,1.3533699999999953,1.3533699999999953,1.3521599999999951,1.352729999999995,10337
2026-07-20T10:00:00+00:00,1.352729999999995,1.3537699999999953,1.3523299999999951,1.3532199999999952,11733
2026-07-20T11:00:00+00:00,1.3532199999999952,1.3542799999999953,1.3525399999999952,1.3526699999999952,17441
2026-07-20T12:00:00+00:00,1.3526699999999952,1.3528799999999952,1.3512399999999951,1.3518999999999952,15240
2026-07-20T13:00:00+00:00,1.3518999999999952,1.3522999999999952,1.350899999999995,1.3516499999999951,12523
2026-07-20T14:00:00+00:00,1.3516499999999951,1.3520999999999952,1.3497499999999951,1.3503399999999952,14307
2026-07-20T15:00:00+00:00,1.3503399999999952,1.3503399999999952,1.347779999999995,1.3481999999999952,15523
2026-07-20T16:00:00+00:00,1.3481999999999952,1.3487699999999951,1.3476399999999953,1.3484699999999952,9866
2026-07-20T17:00:00+00:00,1.3484699999999952,1.3496899999999952,1.348289999999995,1.3495399999999953,8658
2026-07-20T18:00:00+00:00,1.3495399999999953,1.3503799999999953,1.3495299999999952,1.3500199999999951,8607
2026-07-20T19:00:00+00:00,1.3500199999999951,1.3503299999999951,1.3495999999999952,1.3499299999999952,9529
2026-07-20T20:00:00+00:00,1.3499299999999952,1.350119999999995,1.3493099999999951,1.3495399999999953,3814
2026-07-20T21:00:00+00:00,1.3495399999999953,1.3500899999999951,1.348729999999995,1.3494899999999952,1319.7553548731591
2026-07-20T22:00:00+00:00,1.3494899999999952,1.3499899999999951,1.3494899999999952,1.3499499999999953,1971
2026-07-20T23:00:00+00:00,1.3499499999999953,1.3504999999999951,1.3499199999999951,1.3504599999999953,2345
2026-07-21T00:00:00+00:00,1.3504599999999953,1.3508299999999953,1.3500199999999953,1.3504599999999953,10531
2026-07-21T01:00:00+00:00,1.3504599999999953,1.3510399999999951,1.3503299999999951,1.3508299999999953,11158
2026-07-21T02:00:00+00:00,1.3508299999999953,1.3511699999999953,1.3503799999999953,1.3504599999999953,9375
2026-07-21T03:00:00+00:00,1.3504599999999953,1.3512999999999953,1.3502599999999951,1.3509799999999952,7536
2026-07-21T04:00:00+00:00,1.3509799999999952,1.3514099999999953,1.3509099999999952,1.3513399999999953,6492
2026-07-21T05:00:00+00:00,1.3513399999999953,1.3519799999999953,1.3511899999999952,1.3515199999999952,9095
2026-07-21T06:00:00+00:00,1.3515199999999952,1.3526299999999953,1.3514199999999952,1.3521299999999952,14302
2026-07-21T07:00:00+00:00,1.3521299999999952,1.3528899999999953,1.3509799999999952,1.3513899999999952,12176
2026-07-21T08:00:00+00:00,1.3513899999999952,1.3521799999999953,1.3500399999999952,1.3502299999999952,10200
2026-07-21T09:00:00+00:00,1.3502299999999952,1.3507099999999952,1.3498199999999951,1.3500599999999952,7155
2026-07-21T10:00:00+00:00,1.3500599999999952,1.3507299999999953,1.3487199999999953,1.3489999999999953,9505
2026-07-21T11:00:00+00:00,1.3489999999999953,1.3494199999999952,1.3475099999999953,1.3478599999999952,9694
2026-07-21T12:00:00+00:00,1.3478599999999952,1.3480399999999952,1.3455399999999953,1.3462099999999952,15485
2026-07-21T13:00:00+00:00,1.3462099999999952,1.3468399999999952,1.3432599999999952,1.3454799999999951,21553
2026-07-21T14:00:00+00:00,1.3454799999999951,1.3472599999999952,1.3439099999999953,1.3444799999999952,20210
2026-07-21T15:00:00+00:00,1.3444799999999952,1.3454999999999953,1.3441299999999952,1.3446299999999953,12087
2026-07-21T16:00:00+00:00,1.3446299999999953,1.3457499999999953,1.3442399999999952,1.3455699999999953,7389
2026-07-21T17:00:00+00:00,1.3455699999999953,1.3460699999999952,1.3453499999999952,1.3458099999999953,5017
2026-07-21T18:00:00+00:00,1.3458099999999953,1.3458199999999951,1.3448099999999952,1.3454499999999951,6661
2026-07-21T19:00:00+00:00,1.3454499999999951,1.3457999999999952,1.3452399999999953,1.3453599999999952,6736
2026-07-21T20:00:00+00:00,1.3453599999999952,1.3454099999999953,1.3446899999999953,1.3448799999999952,4451
2026-07-21T21:00:00+00:00,1.3448799999999952,1.3450699999999953,1.3436699999999953,1.3447099999999952,5547
2026-07-21T22:00:00+00:00,1.3447099999999952,1.3450999999999953,1.3447099999999952,1.3447099999999952,1590
2026-07-21T23:00:00+00:00,1.3447099999999952,1.3451999999999953,1.3446799999999952,1.3451899999999952,2389
2026-07-22T00:00:00+00:00,1.3451899999999952,1.3460399999999952,1.3450999999999953,1.3458399999999953,10736
2026-07-22T01:00:00+00:00,1.3458399999999953,1.3461299999999952,1.3452799999999951,1.3456599999999952,10604
2026-07-22T02:00:00+00:00,1.3456599999999952,1.3463099999999952,1.3453799999999951,1.3458699999999952,9451
2026-07-22T03:00:00+00:00,1.3458699999999952,1.3460699999999952,1.3454899999999952,1.3456299999999952,8409
2026-07-22T04:00:00+00:00,1.3456299999999952,1.3458599999999952,1.3453899999999952,1.3457199999999951,6520
2026-07-22T05:00:00+00:00,1.3457199999999951,1.3459899999999951,1.3452599999999952,1.3452699999999953,10615
2026-07-22T06:00:00+00:00,1.3452699999999953,1.3464199999999953,1.3442599999999951,1.3452899999999952,15382
2026-07-22T07:00:00+00:00,1.3452899999999952,1.3468599999999953,1.3448899999999953,1.3455599999999952,17385
2026-07-22T08:00:00+00:00,1.3455599999999952,1.3457199999999951,1.3444899999999953,1.3446899999999953,13638
2026-07-22T09:00:00+00:00,1.3446899999999953,1.3448199999999952,1.3439799999999953,1.3442599999999951,11440
2026-07-22T10:00:00+00:00,1.3442599999999951,1.3447999999999953,1.3438899999999951,1.3441899999999953,11306
2026-07-22T11:00:00+00:00,1.3441899999999953,1.3446199999999953,1.3436799999999953,1.3440599999999951,13821
2026-07-22T12:00:00+00:00,1.3440599999999951,1.3445999999999951,1.3427499999999952,1.3432299999999953,12813
2026-07-22T13:00:00+00:00,1.3432299999999953,1.3462899999999953,1.3432299999999953,1.3459999999999952,16520
2026-07-22T14:00:00+00:00,1.3459999999999952,1.3464099999999952,1.3445299999999951,1.3447499999999952,15925
2026-07-22T15:00:00+00:00,1.3447499999999952,1.3453899999999952,1.3444599999999953,1.3449399999999951,13109
2026-07-22T16:00:00+00:00,1.3449399999999951,1.3449599999999953,1.3438799999999953,1.3446099999999952,9566
2026-07-22T17:00:00+00:00,1.3446099999999952,1.3447499999999952,1.3441899999999953,1.3444699999999952,6873
2026-07-22T18:00:00+00:00,1.3444699999999952,1.3448899999999953,1.3441999999999952,1.3447099999999952,7044
2026-07-22T19:00:00+00:00,1.3447099999999952,1.3447999999999953,1.3443799999999952,1.3446699999999951,5744
2026-07-22T20:00:00+00:00,1.3446699999999951,1.3450299999999953,1.3446399999999952,1.3446999999999951,4749
2026-07-22T21:00:00+00:00,1.3446999999999951,1.3448699999999953,1.343199999999995,1.3439699999999952,1761.230201126172
2026-07-22T22:00:00+00:00,1.3439699999999952,1.3443599999999951,1.3436499999999951,1.3439699999999952,1386.4981862152358
2026-07-22T23:00:00+00:00,1.3439699999999952,1.3445299999999951,1.3439699999999952,1.3444399999999952,2654.260210035006
2026-07-23T00:00:00+00:00,1.3444399999999952,1.3451199999999952,1.3442699999999952,1.345069999999995,9702
2026-07-23T01:00:00+00:00,1.345069999999995,1.3455699999999953,1.3449399999999951,1.345099999999995,13952
2026-07-23T02:00:00+00:00,1.345099999999995,1.3459599999999952,1.3450799999999952,1.3458999999999952,9156
2026-07-23T03:00:00+00:00,1.3458999999999952,1.3461099999999953,1.3452999999999953,1.3458299999999952,8266
2026-07-23T04:00:00+00:00,1.3458299999999952,1.346289999999995,1.3453899999999952,1.3456499999999951,8618
2026-07-23T05:00:00+00:00,1.3456499999999951,1.345779999999995,1.345169999999995,1.3455299999999952,8470
2026-07-23T06:00:00+00:00,1.3455299999999952,1.346049999999995,1.344489999999995,1.344659999999995,12597
2026-07-23T07:00:00+00:00,1.344659999999995,1.3449599999999953,1.3436499999999951,1.3443099999999952,14536
2026-07-23T08:00:00+00:00,1.3443099999999952,1.3445899999999953,1.3430299999999953,1.3437999999999952,13458
2026-07-23T09:00:00+00:00,1.3437999999999952,1.3447199999999953,1.3435699999999953,1.3441799999999953,10560
2026-07-23T10:00:00+00:00,1.3441799999999953,1.3442999999999952,1.3430599999999953,1.343709999999995,14929
2026-07-23T11:00:00+00:00,1.343709999999995,1.3438699999999952,1.3409499999999952,1.342489999999995,17354
2026-07-23T12:00:00+00:00,1.342489999999995,1.3425499999999952,1.3404399999999952,1.3411899999999952,17523
2026-07-23T13:00:00+00:00,1.3411899999999952,1.3414299999999952,1.3396199999999951,1.339779999999995,25448
2026-07-23T14:00:00+00:00,1.339779999999995,1.3400999999999952,1.338189999999995,1.3389299999999953,23963
2026-07-23T15:00:00+00:00,1.3389299999999953,1.3393999999999953,1.3368399999999951,1.3379899999999951,22116
2026-07-23T16:00:00+00:00,1.3379899999999951,1.3395199999999952,1.3379599999999952,1.3393199999999952,12756
2026-07-23T17:00:00+00:00,1.3393199999999952,1.3394299999999952,1.338289999999995,1.3383199999999953,9907
2026-07-23T18:00:00+00:00,1.3383199999999953,1.3388199999999952,1.3382699999999952,1.3385999999999951,10493
2026-07-23T19:00:00+00:00,1.3385999999999951,1.3389199999999952,1.3380899999999951,1.3386399999999952,6696
2026-07-23T20:00:00+00:00,1.3386399999999952,1.3388699999999951,1.3383399999999952,1.3383399999999952,2918
2026-07-23T21:00:00+00:00,1.3383399999999952,1.338519999999995,1.3366199999999953,1.338189999999995,2466.694871553929
2026-07-23T22:00:00+00:00,1.338189999999995,1.338859999999995,1.338189999999995,1.3384999999999951,1252
2026-07-23T23:00:00+00:00,1.3384999999999951,1.3385499999999952,1.3380599999999951,1.3381799999999953,2945.101518512199
2026-07-24T00:00:00+00:00,1.3381799999999953,1.339409999999995,1.3380599999999951,1.339409999999995,10427
2026-07-24T01:00:00+00:00,1.339409999999995,1.3396199999999951,1.3388899999999953,1.3390399999999951,10574
2026-07-24T02:00:00+00:00,1.3390399999999951,1.3391999999999953,1.3383699999999952,1.3383799999999952,8156
2026-07-24T03:00:00+00:00,1.3383799999999952,1.338459999999995,1.338049999999995,1.3383699999999952,6448
2026-07-24T04:00:00+00:00,1.3383699999999952,1.3384499999999953,1.337579999999995,1.3379899999999951,4749
2026-07-24T05:00:00+00:00,1.3379899999999951,1.3385999999999951,1.3377299999999952,1.3377299999999952,7920
2026-07-24T06:00:00+00:00,1.3377299999999952,1.3395399999999953,1.3377099999999953,1.3395299999999952,11358
2026-07-24T07:00:00+00:00,1.3395299999999952,1.3413799999999951,1.3392099999999951,1.3405099999999952,12367
2026-07-24T08:00:00+00:00,1.3405099999999952,1.340659999999995,1.3389599999999953,1.339069999999995,12079
2026-07-24T09:00:00+00:00,1.339069999999995,1.3391599999999952,1.3382399999999952,1.3388699999999951,9275
2026-07-24T10:00:00+00:00,1.3388699999999951,1.3398099999999953,1.3382799999999953,1.339169999999995,11832
2026-07-24T11:00:00+00:00,1.339169999999995,1.3397499999999951,1.3383499999999953,1.3392499999999952,11428
2026-07-24T12:00:00+00:00,1.3392499999999952,1.3395299999999952,1.3375199999999952,1.337949999999995,12823
2026-07-24T13:00:00+00:00,1.337949999999995,1.3396299999999952,1.3375399999999953,1.3394599999999952,14042
2026-07-24T14:00:00+00:00,1.3394599999999952,1.3404099999999952,1.3389199999999952,1.3396199999999951,17045
2026-07-24T15:00:00+00:00,1.3396199999999951,1.341849999999995,1.3393899999999952,1.3411299999999953,18077
2026-07-24T16:00:00+00:00,1.3411299999999953,1.3414799999999951,1.3400699999999952,1.3401999999999952,7673
2026-07-24T17:00:00+00:00,1.3401999999999952,1.3402399999999952,1.339099999999995,1.3394599999999952,7577
2026-07-24T18:00:00+00:00,1.3394599999999952,1.339879999999995,1.3393499999999952,1.3394999999999953,6877
2026-07-24T19:00:00+00:00,1.3394999999999953,1.3397199999999951,1.3390899999999952,1.3390899999999952,5609
2026-07-24T20:00:00+00:00,1.3390899999999952,1.3393099999999951,1.33221,1.33221,2977
2026-07-26T21:00:00+00:00,1.33221,1.3331099999999998,1.3311,1.3319,615.5461647445812
2026-07-26T22:00:00+00:00,1.3319,1.33439,1.33149,1.33307,4227
2026-07-26T23:00:00+00:00,1.33307,1.33393,1.33301,1.33383,3655
2026-07-27T00:00:00+00:00,1.33383,1.33506,1.33373,1.3338700000000001,17227
2026-07-27T01:00:00+00:00,1.3338700000000001,1.3351,1.3338700000000001,1.3351,14242
2026-07-27T02:00:00+00:00,1.3351,1.33513,1.33425,1.33427,9667
2026-07-27T03:00:00+00:00,1.33427,1.33444,1.33377,1.33402,8963
2026-07-27T04:00:00+00:00,1.33402,1.33426,1.33376,1.3338700000000001,7575
2026-07-27T05:00:00+00:00,1.3338700000000001,1.33437,1.33376,1.33404,8417
2026-07-27T06:00:00+00:00,1.33404,1.33485,1.33356,1.33372,12491
2026-07-27T07:00:00+00:00,1.33372,1.33401,1.3322,1.33225,17593
2026-07-27T08:00:00+00:00,1.33225,1.33279,1.33185,1.33255,11519
2026-07-27T09:00:00+00:00,1.33255,1.33286,1.33177,1.33186,11064
2026-07-27T10:00:00+00:00,1.33186,1.33242,1.33046,1.33066,13537
2026-07-27T11:00:00+00:00,1.33066,1.33092,1.32973,1.33017,12685
2026-07-27T12:00:00+00:00,1.33017,1.33058,1.32922,1.33013,11881
2026-07-27T13:00:00+00:00,1.33013,1.33088,1.32964,1.32984,17014
2026-07-27T14:00:00+00:00,1.32984,1.33049,1.3287,1.32903,18976
2026-07-27T15:00:00+00:00,1.32903,1.32948,1.3287,1.32897,14975
2026-07-27T16:00:00+00:00,1.32897,1.33018,1.32874,1.32908,13523
2026-07-27T17:00:00+00:00,1.32908,1.32911,1.32722,1.32789,10105
2026-07-27T18:00:00+00:00,1.32789,1.32816,1.32749,1.32761,9285
2026-07-27T19:00:00+00:00,1.32761,1.32843,1.32761,1.32795,5933
2026-07-27T20:00:00+00:00,1.32795,1.32804,1.32737,1.32761,2842
2026-07-27T21:00:00+00:00,1.32761,1.32777,1.32645,1.3269799999999998,4026.356959341824
2026-07-27T22:00:00+00:00,1.3269799999999998,1.3273899999999998,1.3269799999999998,1.32716,1625
2026-07-27T23:00:00+00:00,1.32716,1.3273399999999997,1.32699,1.3272899999999999,2152
2026-07-28T00:00:00+00:00,1.3272899999999999,1.3276799999999997,1.32689,1.3276,9468
2026-07-28T01:00:00+00:00,1.3276,1.3281199999999997,1.3272799999999998,1.3275,8630
2026-07-28T02:00:00+00:00,1.3275,1.32838,1.3274,1.3281199999999997,7925
2026-07-28T03:00:00+00:00,1.3281199999999997,1.32872,1.3278199999999998,1.3280899999999998,8148
2026-07-28T04:00:00+00:00,1.3280899999999998,1.3280899999999998,1.3275599999999999,1.3276999999999999,7259
2026-07-28T05:00:00+00:00,1.3276999999999999,1.3278099999999997,1.3268799999999998,1.3270699999999997,8538
2026-07-28T06:00:00+00:00,1.3270699999999997,1.32845,1.32689,1.3281499999999997,10671
2026-07-28T07:00:00+00:00,1.3281499999999997,1.3287999999999998,1.3274799999999998,1.3274899999999998,8884
2026-07-28T08:00:00+00:00,1.3274899999999998,1.32882,1.3274799999999998,1.3285699999999998,10276
2026-07-28T09:00:00+00:00,1.3285699999999998,1.32862,1.32628,1.3262999999999998,8632
2026-07-28T10:00:00+00:00,1.3262999999999998,1.3265699999999998,1.3256499999999998,1.32628,10690
2026-07-28T11:00:00+00:00,1.32628,1.3266599999999997,1.32577,1.3262299999999998,11634
2026-07-28T12:00:00+00:00,1.3262299999999998,1.3282299999999998,1.3262199999999997,1.3280699999999999,10033
2026-07-28T13:00:00+00:00,1.3280699999999999,1.3286299999999998,1.3277199999999998,1.32838,10804
2026-07-28T14:00:00+00:00,1.32838,1.3284999999999998,1.3268699999999998,1.3274499999999998,13784
2026-07-28T15:00:00+00:00,1.3274499999999998,1.3294099999999998,1.3271499999999998,1.32923,17556
2026-07-28T16:00:00+00:00,1.32923,1.32943,1.3283899999999997,1.3284299999999998,10979
2026-07-28T17:00:00+00:00,1.3284299999999998,1.3288699999999998,1.3273899999999998,1.3274799999999998,8443
2026-07-28T18:00:00+00:00,1.3274799999999998,1.3276199999999998,1.32696,1.3271799999999998,6471
2026-07-28T19:00:00+00:00,1.3271799999999998,1.3278299999999998,1.3270699999999997,1.3270899999999999,5614
2026-07-28T20:00:00+00:00,1.3270899999999999,1.3274599999999999,1.3269299999999997,1.3271699999999997,4423
2026-07-28T21:00:00+00:00,1.3271699999999997,1.3275499999999998,1.3259699999999996,1.3269499999999996,2293.0796816269158
2026-07-28T22:00:00+00:00,1.3269499999999996,1.3273699999999997,1.3265899999999997,1.3267299999999997,4831
2026-07-28T23:00:00+00:00,1.3267299999999997,1.3269899999999997,1.3263399999999996,1.3269699999999998,4988
2026-07-29T00:00:00+00:00,1.3269699999999998,1.3277199999999996,1.3265799999999996,1.3275199999999996,11223
2026-07-29T01:00:00+00:00,1.3275199999999996,1.3276799999999997,1.3264699999999996,1.3271399999999998,13592
2026-07-29T02:00:00+00:00,1.3271399999999998,1.3280799999999997,1.3270299999999997,1.3276999999999997,9501
2026-07-29T03:00:00+00:00,1.3276999999999997,1.3282199999999997,1.3276599999999996,1.3277999999999996,8541
2026-07-29T04:00:00+00:00,1.3277999999999996,1.3283999999999996,1.3277299999999996,1.3280599999999996,9031
2026-07-29T05:00:00+00:00,1.3280599999999996,1.3284599999999998,1.3279299999999996,1.3281599999999998,8090
2026-07-29T06:00:00+00:00,1.3281599999999998,1.3287099999999996,1.3277599999999996,1.3279999999999996,10361
2026-07-29T07:00:00+00:00,1.3279999999999996,1.3289999999999997,1.3277799999999997,1.3284899999999997,9597
2026-07-29T08:00:00+00:00,1.3284899999999997,1.3291899999999996,1.3279599999999996,1.3288799999999996,8317
2026-07-29T09:00:00+00:00,1.3288799999999996,1.3288799999999996,1.3278099999999997,1.3279699999999997,10115
2026-07-29T10:00:00+00:00,1.3279699999999997,1.3279899999999998,1.3271299999999997,1.3273999999999997,9290
2026-07-29T11:00:00+00:00,1.3273999999999997,1.3280599999999996,1.3272699999999997,1.3275599999999996,8297
2026-07-29T12:00:00+00:00,1.3275599999999996,1.3276799999999997,1.3261599999999998,1.3266799999999996,11394
2026-07-29T13:00:00+00:00,1.3266799999999996,1.3277099999999997,1.3263599999999998,1.3276999999999997,11277
2026-07-29T14:00:00+00:00,1.3276999999999997,1.3287099999999996,1.3264599999999998,1.3269799999999996,14016
2026-07-29T15:00:00+00:00,1.3269799999999996,1.3275899999999996,1.3264799999999997,1.3269399999999998,13375
2026-07-29T16:00:00+00:00,1.3269399999999998,1.3271999999999997,1.3262499999999997,1.3271599999999997,9090
2026-07-29T17:00:00+00:00,1.3271599999999997,1.3289699999999998,1.3270599999999997,1.3282099999999997,8930
2026-07-29T18:00:00+00:00,1.3282099999999997,1.3348899999999997,1.3278799999999997,1.3348099999999996,36571
2026-07-29T19:00:00+00:00,1.3348099999999996,1.3370199999999997,1.3328999999999998,1.3329199999999997,31183
2026-07-29T20:00:00+00:00,1.3329199999999997,1.3351999999999997,1.3325699999999996,1.3348299999999997,11621
2026-07-29T21:00:00+00:00,1.3348299999999997,1.3349899999999997,1.3336499999999996,1.3342199999999995,6331.506186737012
2026-07-29T22:00:00+00:00,1.3342199999999995,1.3353199999999996,1.3342199999999995,1.3352199999999996,7845
2026-07-29T23:00:00+00:00,1.3352199999999996,1.3358299999999996,1.3347199999999997,1.3349899999999997,5407
2026-07-30T00:00:00+00:00,1.3349899999999997,1.3351499999999996,1.3335899999999996,1.3338299999999996,16375
2026-07-30T01:00:00+00:00,1.3338299999999996,1.3342199999999995,1.3334199999999996,1.3335199999999996,10347
2026-07-30T02:00:00+00:00,1.3335199999999996,1.3339199999999996,1.3331799999999996,1.3331899999999997,7902
2026-07-30T03:00:00+00:00,1.3331899999999997,1.3333099999999996,1.3324799999999997,1.3328499999999996,9657
2026-07-30T04:00:00+00:00,1.3328499999999996,1.3332299999999997,1.3326699999999996,1.3327399999999996,7040
2026-07-30T05:00:00+00:00,1.3327399999999996,1.3339999999999996,1.3326099999999996,1.3332199999999996,9617
2026-07-30T06:00:00+00:00,1.3332199999999996,1.3335199999999996,1.3315899999999996,1.3325199999999995,12351
2026-07-30T07:00:00+00:00,1.3325199999999995,1.3333899999999996,1.3319399999999997,1.3321099999999997,15759
2026-07-30T08:00:00+00:00,1.3321099999999997,1.3345199999999995,1.3320999999999996,1.3338799999999995,14918
2026-07-30T09:00:00+00:00,1.3338799999999995,1.3367199999999997,1.3338599999999996,1.3363799999999997,14330
2026-07-30T10:00:00+00:00,1.3363799999999997,1.3390099999999996,1.3359199999999996,1.3371799999999996,21642
2026-07-30T11:00:00+00:00,1.3371799999999996,1.3384699999999996,1.3355899999999996,1.3370699999999995,14775
2026-07-30T12:00:00+00:00,1.3370699999999995,1.3378199999999996,1.3349999999999995,1.3354299999999997,28871
2026-07-30T13:00:00+00:00,1.3354299999999997,1.3411199999999996,1.3350299999999995,1.3411099999999996,43224
2026-07-30T14:00:00+00:00,1.3411099999999996,1.3430899999999997,1.3406799999999996,1.3407899999999995,39974
2026-07-30T15:00:00+00:00,1.3407899999999995,1.3446199999999995,1.3404499999999997,1.3441999999999996,18897
2026-07-30T16:00:00+00:00,1.3441999999999996,1.3453399999999995,1.3440099999999995,1.3447699999999996,16472
2026-07-30T17:00:00+00:00,1.3447699999999996,1.3456299999999997,1.3437499999999996,1.3455099999999995,16604
2026-07-30T18:00:00+00:00,1.3455099999999995,1.3459099999999995,1.3449199999999997,1.3459099999999995,8818
2026-07-30T19:00:00+00:00,1.3459099999999995,1.3459699999999997,1.3449699999999996,1.3452799999999996,8511
2026-07-30T20:00:00+00:00,1.3452799999999996,1.3455899999999996,1.3446499999999997,1.3448399999999996,5282
2026-07-30T21:00:00+00:00,1.3448399999999996,1.3448399999999996,1.3439099999999995,1.3442699999999996,1208.899240966858
2026-07-30T22:00:00+00:00,1.3442699999999996,1.3453799999999996,1.3442699999999996,1.3449999999999995,3180
2026-07-30T23:00:00+00:00,1.3449999999999995,1.3452299999999995,1.3442399999999997,1.3443499999999995,5077
2026-07-31T00:00:00+00:00,1.3443499999999995,1.3447899999999995,1.3436499999999996,1.3441399999999997,16147
2026-07-31T01:00:00+00:00,1.3441399999999997,1.3445799999999997,1.3431299999999995,1.3433899999999996,14407
2026-07-31T02:00:00+00:00,1.3433899999999996,1.3442899999999995,1.3432599999999997,1.3433699999999995,11975
2026-07-31T03:00:00+00:00,1.3433699999999995,1.3435099999999995,1.3428099999999996,1.3434299999999997,11061
2026-07-31T04:00:00+00:00,1.3434299999999997,1.3435399999999995,1.3424999999999996,1.3428699999999996,11215
2026-07-31T05:00:00+00:00,1.3428699999999996,1.3432299999999995,1.3423399999999996,1.3425799999999997,11982
2026-07-31T06:00:00+00:00,1.3425799999999997,1.3444499999999995,1.3425799999999997,1.3434399999999995,19478
2026-07-31T07:00:00+00:00,1.3434399999999995,1.3445499999999997,1.3427999999999995,1.3435299999999997,17571
2026-07-31T08:00:00+00:00,1.3435299999999997,1.3448799999999999,1.3419999999999996,1.3443899999999998,15852
2026-07-31T09:00:00+00:00,1.3443899999999998,1.3452499999999998,1.3430399999999998,1.3434599999999997,21878
2026-07-31T10:00:00+00:00,1.3434599999999997,1.3436799999999998,1.3427899999999997,1.3428899999999997,11737
2026-07-31T11:00:00+00:00,1.3428899999999997,1.3429199999999997,1.3402299999999998,1.3402699999999999,15766
2026-07-31T12:00:00+00:00,1.3402699999999999,1.3412499999999998,1.3398399999999997,1.3405299999999998,11368
2026-07-31T13:00:00+00:00,1.3405299999999998,1.3417699999999997,1.3384799999999997,1.3392899999999996,30767
2026-07-31T14:00:00+00:00,1.3392899999999996,1.3445199999999997,1.3387199999999997,1.3441099999999997,29654
2026-07-31T15:00:00+00:00,1.3441099999999997,1.3457299999999996,1.3438399999999997,1.3452499999999998,22799
2026-07-31T16:00:00+00:00,1.3452499999999998,1.3455599999999996,1.3446199999999997,1.3449399999999998,13715
2026-07-31T17:00:00+00:00,1.3449399999999998,1.3472699999999997,1.3449299999999997,1.3468199999999997,20825
2026-07-31T18:00:00+00:00,1.3468199999999997,1.3472799999999998,1.3459399999999997,1.3467299999999998,13490
2026-07-31T19:00:00+00:00,1.3467299999999998,1.3471699999999998,1.3461299999999998,1.3461299999999998,7432
2026-07-31T20:00:00+00:00,1.3461299999999998,1.3478799999999997,1.3457399999999997,1.3459699999999997,14219
2026-08-02T21:00:00+00:00,1.3459699999999997,1.3465599999999998,1.3451899999999997,1.3454199999999996,1232.7398689930242
2026-08-02T22:00:00+00:00,1.3454199999999996,1.3479899999999996,1.3454199999999996,1.3469099999999996,8455
2026-08-02T23:00:00+00:00,1.3469099999999996,1.3471099999999996,1.3461999999999996,1.3464699999999996,8502
2026-08-03T00:00:00+00:00,1.3464699999999996,1.3476299999999997,1.3456499999999996,1.3460899999999996,29348
2026-08-03T01:00:00+00:00,1.3460899999999996,1.3464899999999995,1.3443799999999997,1.3447299999999995,19138
2026-08-03T02:00:00+00:00,1.3447299999999995,1.3450199999999997,1.3442099999999997,1.3443699999999996,12022
2026-08-03T03:00:00+00:00,1.3443699999999996,1.3444699999999996,1.3437499999999996,1.3441099999999995,10306
2026-08-03T04:00:00+00:00,1.3441099999999995,1.3447399999999996,1.3440099999999995,1.3445599999999995,8368
2026-08-03T05:00:00+00:00,1.3445599999999995,1.3451599999999997,1.3443399999999996,1.3449799999999996,8935
2026-08-03T06:00:00+00:00,1.3449799999999996,1.3451299999999995,1.3431199999999996,1.3434199999999996,14702
2026-08-03T07:00:00+00:00,1.3434199999999996,1.3443899999999995,1.3426499999999997,1.3434899999999996,19610
2026-08-03T08:00:00+00:00,1.3434899999999996,1.3435799999999996,1.3427499999999997,1.3428299999999995,13510
2026-08-03T09:00:00+00:00,1.3428299999999995,1.3432299999999995,1.3422799999999995,1.3423299999999996,14501
2026-08-03T10:00:00+00:00,1.3423299999999996,1.3436399999999995,1.3421699999999996,1.3432899999999997,12344
2026-08-03T11:00:00+00:00,1.3432899999999997,1.3441499999999995,1.3429299999999995,1.3441199999999995,11908
2026-08-03T12:00:00+00:00,1.3441199999999995,1.3444699999999996,1.3431999999999995,1.3437599999999996,13446
2026-08-03T13:00:00+00:00,1.3437599999999996,1.3440599999999996,1.3420899999999996,1.3424899999999995,18799
2026-08-03T14:00:00+00:00,1.3424899999999995,1.3429799999999996,1.3410899999999997,1.3411099999999996,18376
2026-08-03T15:00:00+00:00,1.3411099999999996,1.3411499999999996,1.3395999999999997,1.3407399999999996,15353
2026-08-03T16:00:00+00:00,1.3407399999999996,1.3409899999999997,1.3398299999999996,1.3398899999999996,9259
2026-08-03T17:00:00+00:00,1.3398899999999996,1.3400899999999996,1.3392399999999995,1.3392699999999995,11538
2026-08-03T18:00:00+00:00,1.3392699999999995,1.3405999999999996,1.3391099999999996,1.3404599999999995,8452
2026-08-03T19:00:00+00:00,1.3404599999999995,1.3407899999999995,1.3403899999999995,1.3404599999999995,6272
2026-08-03T20:00:00+00:00,1.3404599999999995,1.3407299999999995,1.3400899999999996,1.3400899999999996,4263
2026-08-03T21:00:00+00:00,1.3400899999999996,1.3402599999999996,1.3392599999999997,1.3399399999999997,3262.485035218313
2026-08-03T22:00:00+00:00,1.3399399999999997,1.3405299999999996,1.3399399999999997,1.3403299999999996,1837
2026-08-03T23:00:00+00:00,1.3403299999999996,1.3404699999999996,1.3397799999999995,1.3400499999999995,3901
2026-08-04T00:00:00+00:00,1.3400499999999995,1.3406299999999995,1.3397399999999995,1.3397899999999996,13766
2026-08-04T01:00:00+00:00,1.3397899999999996,1.3404599999999995,1.3393599999999997,1.3401099999999997,11953
2026-08-04T02:00:00+00:00,1.3401099999999997,1.3406299999999995,1.3398999999999996,1.3400699999999997,10635
2026-08-04T03:00:00+00:00,1.3400699999999997,1.3406499999999997,1.3398199999999996,1.3399699999999997,11150
2026-08-04T04:00:00+00:00,1.3399699999999997,1.3400699999999997,1.3396899999999996,1.3399299999999996,6859
2026-08-04T05:00:00+00:00,1.3399299999999996,1.3400299999999996,1.3392999999999995,1.3398399999999995,8754
2026-08-04T06:00:00+00:00,1.3398399999999995,1.3405899999999995,1.3396499999999996,1.3401799999999995,12253
2026-08-04T07:00:00+00:00,1.3401799999999995,1.3412399999999995,1.3400699999999997,1.3409699999999996,16075
2026-08-04T08:00:00+00:00,1.3409699999999996,1.3415899999999996,1.3406399999999996,1.3415699999999995,14148
2026-08-04T09:00:00+00:00,1.3415699999999995,1.3416299999999997,1.3409699999999996,1.3415099999999995,9835
2026-08-04T10:00:00+00:00,1.3415099999999995,1.3422099999999997,1.3411099999999996,1.3416099999999995,13011
2026-08-04T11:00:00+00:00,1.3416099999999995,1.3428299999999995,1.3413999999999995,1.3420299999999996,13232
2026-08-04T12:00:00+00:00,1.3420299999999996,1.3427799999999996,1.3415299999999997,1.3416399999999995,12642
2026-08-04T13:00:00+00:00,1.3416399999999995,1.3425899999999995,1.3411299999999995,1.3420199999999995,16566
2026-08-04T14:00:00+00:00,1.3420199999999995,1.3428899999999995,1.3416499999999996,1.3420899999999996,13976
2026-08-04T15:00:00+00:00,1.3420899999999996,1.3428799999999996,1.3415399999999995,1.3427599999999995,12755
2026-08-04T16:00:00+00:00,1.3427599999999995,1.3429699999999996,1.3419099999999995,1.3419799999999995,8723
2026-08-04T17:00:00+00:00,1.3419799999999995,1.3422099999999997,1.3414399999999995,1.3416899999999996,7229
2026-08-04T18:00:00+00:00,1.3416899999999996,1.3426499999999997,1.3413299999999997,1.3424899999999995,9610
2026-08-04T19:00:00+00:00,1.3424899999999995,1.3427699999999996,1.3422099999999997,1.3423899999999995,10705
2026-08-04T20:00:00+00:00,1.3423899999999995,1.3427699999999996,1.3423799999999997,1.3424099999999997,6848
2026-08-04T21:00:00+00:00,1.3424099999999997,1.3427199999999995,1.3412599999999997,1.3418399999999995,3645.5745124817404
2026-08-04T22:00:00+00:00,1.3418399999999995,1.3425899999999995,1.3418399999999995,1.3424699999999996,2840
2026-08-04T23:00:00+00:00,1.3424699999999996,1.3425399999999996,1.3421199999999995,1.3423899999999995,2812
2026-08-05T00:00:00+00:00,1.3423899999999995,1.3429699999999996,1.3422299999999996,1.3424299999999996,10865
2026-08-05T01:00:00+00:00,1.3424299999999996,1.3424699999999996,1.3417599999999996,1.3418899999999996,9359
2026-08-05T02:00:00+00:00,1.3418899999999996,1.3431699999999995,1.3418499999999995,1.3426399999999996,12303
2026-08-05T03:00:00+00:00,1.3426399999999996,1.3433199999999996,1.3426299999999995,1.3429299999999995,7738
2026-08-05T04:00:00+00:00,1.3429299999999995,1.3433399999999995,1.3427399999999996,1.3428599999999995,7312
2026-08-05T05:00:00+00:00,1.3428599999999995,1.3431799999999996,1.3424899999999995,1.3429299999999995,9706
2026-08-05T06:00:00+00:00,1.3429299999999995,1.3441499999999995,1.3424499999999995,1.3440599999999996,11798
2026-08-05T07:00:00+00:00,1.3440599999999996,1.3442699999999996,1.3430699999999995,1.3441099999999995,15418
2026-08-05T08:00:00+00:00,1.3441099999999995,1.3443899999999995,1.3427399999999996,1.3429999999999995,13356
2026-08-05T09:00:00+00:00,1.3429999999999995,1.3441099999999995,1.3428399999999996,1.3440099999999995,9025
2026-08-05T10:00:00+00:00,1.3440099999999995,1.3443299999999996,1.3436499999999996,1.3440399999999997,12954
2026-08-05T11:00:00+00:00,1.3440399999999997,1.3455999999999997,1.3440399999999997,1.3452399999999995,10042
2026-08-05T12:00:00+00:00,1.3452399999999995,1.3457399999999995,1.3440299999999996,1.3443499999999995,11202
2026-08-05T13:00:00+00:00,1.3443499999999995,1.3449499999999996,1.3433399999999995,1.3437399999999995,15938
2026-08-05T14:00:00+00:00,1.3437399999999995,1.3459699999999997,1.3437399999999995,1.3452199999999996,19750
2026-08-05T15:00:00+00:00,1.3452199999999996,1.3456899999999996,1.3430499999999996,1.3435399999999995,16325
2026-08-05T16:00:00+00:00,1.3435399999999995,1.3441099999999995,1.3432699999999995,1.3433499999999996,11925
2026-08-05T17:00:00+00:00,1.3433499999999996,1.3444799999999997,1.3428799999999996,1.3443599999999996,8086
2026-08-05T18:00:00+00:00,1.3443599999999996,1.3446499999999997,1.3440299999999996,1.3442299999999996,8039
2026-08-05T19:00:00+00:00,1.3442299999999996,1.3444199999999995,1.3436299999999997,1.3437299999999996,5597
2026-08-05T20:00:00+00:00,1.3437299999999996,1.3442399999999997,1.3435199999999996,1.3441299999999996,3480
2026-08-05T21:00:00+00:00,1.3441299999999996,1.3441899999999993,1.3426899999999995,1.3433699999999995,4021.878829579341
2026-08-05T22:00:00+00:00,1.3433699999999995,1.3442099999999995,1.3433699999999995,1.3441599999999994,4443
2026-08-05T23:00:00+00:00,1.3441599999999994,1.3445699999999994,1.3441099999999995,1.3443899999999993,2404
2026-08-06T00:00:00+00:00,1.3443899999999993,1.3445699999999994,1.3440399999999995,1.3441399999999994,11642
2026-08-06T01:00:00+00:00,1.3441399999999994,1.3445499999999995,1.3438299999999994,1.3443099999999994,11724
2026-08-06T02:00:00+00:00,1.3443099999999994,1.3447199999999995,1.3440999999999994,1.3441999999999994,9756
2026-08-06T03:00:00+00:00,1.3441999999999994,1.3442099999999995,1.3432699999999995,1.3434699999999995,7700
2026-08-06T04:00:00+00:00,1.3434699999999995,1.3436499999999993,1.3432899999999994,1.3434699999999995,5322
2026-08-06T05:00:00+00:00,1.3434699999999995,1.3437599999999994,1.3429699999999993,1.3437399999999995,6157
2026-08-06T06:00:00+00:00,1.3437399999999995,1.3439699999999994,1.3429299999999995,1.3434299999999995,10723
2026-08-06T07:00:00+00:00,1.3434299999999995,1.3436999999999995,1.3429699999999993,1.3434299999999995,11387
2026-08-06T08:00:00+00:00,1.3434299999999995,1.3440299999999994,1.3431499999999994,1.3438899999999994,12506
2026-08-06T09:00:00+00:00,1.3438899999999994,1.3440899999999993,1.3426699999999994,1.3431099999999994,8753
2026-08-06T10:00:00+00:00,1.3431099999999994,1.3437399999999995,1.3428599999999995,1.3435799999999993,7988
2026-08-06T11:00:00+00:00,1.3435799999999993,1.3443299999999994,1.3432299999999995,1.3443199999999995,13874
2026-08-06T12:00:00+00:00,1.3443199999999995,1.3446499999999995,1.3436599999999994,1.3443999999999994,11466
2026-08-06T13:00:00+00:00,1.3443999999999994,1.3453899999999994,1.3439299999999994,1.3451899999999994,13229
2026-08-06T14:00:00+00:00,1.3451899999999994,1.3454099999999993,1.3438299999999994,1.3440499999999995,15554
2026-08-06T15:00:00+00:00,1.3440499999999995,1.3440999999999994,1.3424199999999995,1.3428299999999993,15619
2026-08-06T16:00:00+00:00,1.3428299999999993,1.3433699999999995,1.3424299999999993,1.3430699999999993,10444
2026-08-06T17:00:00+00:00,1.3430699999999993,1.3433599999999994,1.3426299999999993,1.3430799999999994,9108
2026-08-06T18:00:00+00:00,1.3430799999999994,1.3433799999999994,1.3426899999999995,1.3431199999999994,5455
2026-08-06T19:00:00+00:00,1.3431199999999994,1.3433699999999995,1.3423099999999994,1.3429399999999994,8475
2026-08-06T20:00:00+00:00,1.3429399999999994,1.3430599999999995,1.3423099999999994,1.3427599999999995,3408
2026-08-06T21:00:00+00:00,1.3427599999999995,1.3427599999999995,1.3413599999999994,1.3424899999999995,2664.7831883546896
2026-08-06T22:00:00+00:00,1.3424899999999995,1.3427599999999995,1.3423699999999994,1.3424999999999994,2704
2026-08-06T23:00:00+00:00,1.3424999999999994,1.3428999999999995,1.3424999999999994,1.3428299999999995,1559.340959708443
2026-08-07T00:00:00+00:00,1.3428299999999995,1.3428899999999995,1.3421399999999994,1.3423799999999995,12324
2026-08-07T01:00:00+00:00,1.3423799999999995,1.3430299999999995,1.3422499999999995,1.3426799999999997,11529
2026-08-07T02:00:00+00:00,1.3426799999999997,1.3428099999999996,1.3424499999999995,1.3425599999999995,8679
2026-08-07T03:00:00+00:00,1.3425599999999995,1.3426799999999997,1.3424199999999995,1.3426799999999997,6758
2026-08-07T04:00:00+00:00,1.3426799999999997,1.3428899999999995,1.3425699999999996,1.3427499999999994,7993
2026-08-07T05:00:00+00:00,1.3427499999999994,1.3429799999999996,1.3424999999999996,1.3426499999999995,9181
2026-08-07T06:00:00+00:00,1.3426499999999995,1.3431999999999995,1.3425499999999995,1.3427399999999996,11427
2026-08-07T07:00:00+00:00,1.3427399999999996,1.3427499999999994,1.3419199999999996,1.3421699999999996,9597
2026-08-07T08:00:00+00:00,1.3421699999999996,1.3423899999999995,1.3416699999999995,1.3416799999999995,10167
2026-08-07T09:00:00+00:00,1.3416799999999995,1.3420699999999997,1.3413399999999995,1.3415699999999995,9437
2026-08-07T10:00:00+00:00,1.3415699999999995,1.3416699999999995,1.3407999999999995,1.3411299999999995,6997
2026-08-07T11:00:00+00:00,1.3411299999999995,1.3423499999999995,1.3411299999999995,1.3423199999999995,9304
2026-08-07T12:00:00+00:00,1.3423199999999995,1.3481899999999996,1.3409999999999995,1.3473599999999994,32801
2026-08-07T13:00:00+00:00,1.3473599999999994,1.3482599999999996,1.3461199999999995,1.3463599999999996,24025
2026-08-07T14:00:00+00:00,1.3463599999999996,1.3475499999999996,1.3456899999999996,1.3462699999999996,19289
2026-08-07T15:00:00+00:00,1.3462699999999996,1.3474299999999995,1.3456599999999996,1.3469899999999995,19450
2026-08-07T16:00:00+00:00,1.3469899999999995,1.3477699999999995,1.3468499999999997,1.3469999999999995,13622
2026-08-07T17:00:00+00:00,1.3469999999999995,1.3472399999999995,1.3467699999999996,1.3468999999999995,9227
2026-08-07T18:00:00+00:00,1.3468999999999995,1.3473799999999994,1.3465599999999995,1.3472799999999994,6198
2026-08-07T19:00:00+00:00,1.3472799999999994,1.3476799999999995,1.3469799999999994,1.3470999999999995,10248
2026-08-07T20:00:00+00:00,1.3470999999999995,1.34895,1.3454699999999995,1.34839,4345
2026-08-09T21:00:00+00:00,1.34839,1.3493199999999999,1.3475599999999999,1.3482699999999999,7292.614985079887
2026-08-09T22:00:00+00:00,1.3482699999999999,1.3490199999999999,1.34822,1.3484699999999998,1755
2026-08-09T23:00:00+00:00,1.3484699999999998,1.3488799999999999,1.3484099999999999,1.3484399999999999,3213
2026-08-10T00:00:00+00:00,1.3484399999999999,1.34899,1.34838,1.34865,10646
2026-08-10T01:00:00+00:00,1.34865,1.34879,1.3479999999999999,1.34849,11266
2026-08-10T02:00:00+00:00,1.34849,1.34859,1.34812,1.34821,6648
2026-08-10T03:00:00+00:00,1.34821,1.34828,1.3479199999999998,1.3480899999999998,6067
2026-08-10T04:00:00+00:00,1.3480899999999998,1.3486099999999999,1.3479599999999998,1.34842,5500
2026-08-10T05:00:00+00:00,1.34842,1.34906,1.34831,1.3490199999999999,8260
2026-08-10T06:00:00+00:00,1.3490199999999999,1.3493899999999999,1.3487699999999998,1.3491099999999998,10461
2026-08-10T07:00:00+00:00,1.3491099999999998,1.3497499999999998,1.34875,1.34919,14270
2026-08-10T08:00:00+00:00,1.34919,1.3501599999999998,1.3490499999999999,1.3499299999999999,9472
2026-08-10T09:00:00+00:00,1.3499299999999999,1.3502899999999998,1.3491199999999999,1.3491399999999998,10043
2026-08-10T10:00:00+00:00,1.3491399999999998,1.34974,1.3488499999999999,1.3496799999999998,9617
2026-08-10T11:00:00+00:00,1.3496799999999998,1.3498899999999998,1.3492199999999999,1.34971,9583
2026-08-10T12:00:00+00:00,1.34971,1.3500299999999998,1.34862,1.3491,12045
2026-08-10T13:00:00+00:00,1.3491,1.3503999999999998,1.3490799999999998,1.35005,14855
2026-08-10T14:00:00+00:00,1.35005,1.3526799999999999,1.3499999999999999,1.3516799999999998,14274
2026-08-10T15:00:00+00:00,1.3516799999999998,1.35235,1.35119,1.3521699999999999,14917
2026-08-10T16:00:00+00:00,1.3521699999999999,1.3522899999999998,1.35096,1.3509799999999998,8945
2026-08-10T17:00:00+00:00,1.3509799999999998,1.3510799999999998,1.35011,1.35025,8659
2026-08-10T18:00:00+00:00,1.35025,1.35079,1.35018,1.3505099999999999,6591
2026-08-10T19:00:00+00:00,1.3505099999999999,1.35059,1.3501699999999999,1.3504099999999999,5101
2026-08-10T20:00:00+00:00,1.3504099999999999,1.35062,1.3501899999999998,1.3503599999999998,2557
2026-08-10T21:00:00+00:00,1.3503599999999998,1.35048,1.34934,1.35008,1185
2026-08-10T22:00:00+00:00,1.35008,1.3505099999999999,1.35008,1.35049,2356
2026-08-10T23:00:00+00:00,1.35049,1.35073,1.35025,1.3506999999999998,2995
2026-08-11T00:00:00+00:00,1.3506999999999998,1.3511499999999999,1.35062,1.35069,6592
2026-08-11T01:00:00+00:00,1.35069,1.3511199999999999,1.35022,1.35065,8633
2026-08-11T02:00:00+00:00,1.35065,1.3507799999999999,1.34988,1.3500699999999999,8338
2026-08-11T03:00:00+00:00,1.3500699999999999,1.3509099999999998,1.3500699999999999,1.3506299999999998,7705
2026-08-11T04:00:00+00:00,1.3506299999999998,1.3509799999999998,1.3502899999999998,1.3507799999999999,8273
2026-08-11T05:00:00+00:00,1.3507799999999999,1.3510099999999998,1.3503299999999998,1.35083,8211
2026-08-11T06:00:00+00:00,1.35083,1.35119,1.3497599999999998,1.3501599999999998,12076
2026-08-11T07:00:00+00:00,1.3501599999999998,1.3504299999999998,1.3490399999999998,1.3492799999999998,11616
2026-08-11T08:00:00+00:00,1.3492799999999998,1.3504699999999998,1.3491499999999998,1.3500199999999998,9755
2026-08-11T09:00:00+00:00,1.3500199999999998,1.3501299999999998,1.3494799999999998,1.3500299999999998,8138
2026-08-11T10:00:00+00:00,1.3500299999999998,1.35012,1.34927,1.3494199999999998,8022
2026-08-11T11:00:00+00:00,1.3494199999999998,1.3502699999999999,1.34893,1.3489499999999999,13034
2026-08-11T12:00:00+00:00,1.3489499999999999,1.34988,1.34883,1.34951,11160
2026-08-11T13:00:00+00:00,1.34951,1.3502899999999998,1.34927,1.3497,12433
2026-08-11T14:00:00+00:00,1.3497,1.35059,1.3494,1.3504599999999998,11110
2026-08-11T15:00:00+00:00,1.3504599999999998,1.35109,1.3497999999999999,1.35109,11295
2026-08-11T16:00:00+00:00,1.35109,1.3511499999999999,1.34995,1.35018,7666
2026-08-11T17:00:00+00:00,1.35018,1.35025,1.3492899999999999,1.3498199999999998,5994
2026-08-11T18:00:00+00:00,1.3498199999999998,1.3499999999999999,1.3492499999999998,1.3499199999999998,7270
2026-08-11T19:00:00+00:00,1.3499199999999998,1.3504599999999998,1.3498599999999998,1.3504399999999999,5005
2026-08-11T20:00:00+00:00,1.3504399999999999,1.3505299999999998,1.3499599999999998,1.3502599999999998,4403
2026-08-11T21:00:00+00:00,1.3502599999999998,1.3505399999999999,1.3497499999999998,1.3505399999999999,655.7370691897729
2026-08-11T22:00:00+00:00,1.3505399999999999,1.35093,1.3504299999999998,1.3508399999999998,2385
2026-08-11T23:00:00+00:00,1.3508399999999998,1.35093,1.35059,1.3507399999999998,2246
2026-08-12T00:00:00+00:00,1.3507399999999998,1.35099,1.35048,1.35062,8726
2026-08-12T01:00:00+00:00,1.35062,1.35076,1.35011,1.3504699999999998,9180
2026-08-12T02:00:00+00:00,1.3504699999999998,1.35063,1.3499899999999998,1.35052,7958
2026-08-12T03:00:00+00:00,1.35052,1.3506699999999998,1.35028,1.3503999999999998,5010
2026-08-12T04:00:00+00:00,1.3503999999999998,1.3506099999999999,1.3501699999999999,1.35055,5333
2026-08-12T05:00:00+00:00,1.35055,1.35055,1.3500899999999998,1.3504099999999999,5876
2026-08-12T06:00:00+00:00,1.3504099999999999,1.3507399999999998,1.3500999999999999,1.3507399999999998,6991
2026-08-12T07:00:00+00:00,1.3507399999999998,1.3510099999999998,1.35042,1.35069,8267
2026-08-12T08:00:00+00:00,1.35069,1.3511099999999998,1.3505299999999998,1.3509399999999998,9581
2026-08-12T09:00:00+00:00,1.3509399999999998,1.3528,1.35089,1.35113,14155
2026-08-12T10:00:00+00:00,1.35113,1.35212,1.3510799999999998,1.35136,9389
2026-08-12T11:00:00+00:00,1.35136,1.3527699999999998,1.35123,1.3525099999999999,9738
2026-08-12T12:00:00+00:00,1.3525099999999999,1.35438,1.35049,1.3536199999999998,33616
2026-08-12T13:00:00+00:00,1.3536199999999998,1.3539299999999999,1.35153,1.3523599999999998,28560
2026-08-12T14:00:00+00:00,1.3523599999999998,1.35283,1.35025,1.35076,17570
2026-08-12T15:00:00+00:00,1.35076,1.3510199999999999,1.3500299999999998,1.35082,12264
2026-08-12T16:00:00+00:00,1.35082,1.35099,1.3493,1.3495499999999998,11977
2026-08-12T17:00:00+00:00,1.3495499999999998,1.3499999999999999,1.349,1.3490799999999998,8054
2026-08-12T18:00:00+00:00,1.3490799999999998,1.34958,1.34863,1.34866,7243.842915018809
2026-08-12T19:00:00+00:00,1.34866,1.34925,1.34862,1.34906,5259
2026-08-12T20:00:00+00:00,1.34906,1.3494599999999999,1.34884,1.34934,3485
2026-08-12T21:00:00+00:00,1.34934,1.34936,1.34839,1.34887,1795.2870425873311
2026-08-12T22:00:00+00:00,1.34887,1.34949,1.34887,1.34949,1197
2026-08-12T23:00:00+00:00,1.34949,1.34966,1.34938,1.34958,1588.671209540034
2026-08-13T00:00:00+00:00,1.34958,1.34995,1.34933,1.34966,7234
2026-08-13T01:00:00+00:00,1.34966,1.34984,1.34897,1.34912,8337
2026-08-13T02:00:00+00:00,1.34912,1.34919,1.34856,1.34872,6076
2026-08-13T03:00:00+00:00,1.34872,1.34902,1.34856,1.34893,6523
2026-08-13T04:00:00+00:00,1.34893,1.34957,1.34857,1.34943,6936
2026-08-13T05:00:00+00:00,1.34943,1.34965,1.34907,1.34926,7072
2026-08-13T06:00:00+00:00,1.34926,1.34992,1.34732,1.34815,10710
2026-08-13T07:00:00+00:00,1.34815,1.3487,1.34743,1.34818,10096
2026-08-13T08:00:00+00:00,1.34818,1.34826,1.34766,1.34778,10958
2026-08-13T09:00:00+00:00,1.34778,1.34905,1.34742,1.34903,7679
2026-08-13T10:00:00+00:00,1.34903,1.35,1.34875,1.34884,8779
2026-08-13T11:00:00+00:00,1.34884,1.34953,1.34863,1.34911,8253
2026-08-13T12:00:00+00:00,1.34911,1.35087,1.34826,1.35077,12377
2026-08-13T13:00:00+00:00,1.35077,1.3509,1.34938,1.34974,16397
2026-08-13T14:00:00+00:00,1.34974,1.3512,1.34974,1.35064,16543
2026-08-13T15:00:00+00:00,1.35064,1.35083,1.34929,1.34947,12964
2026-08-13T16:00:00+00:00,1.34947,1.34951,1.34818,1.34849,9425
2026-08-13T17:00:00+00:00,1.34849,1.34882,1.34786,1.3481,9131
2026-08-13T18:00:00+00:00,1.3481,1.34863,1.34787,1.34827,6955
2026-08-13T19:00:00+00:00,1.34827,1.34872,1.34825,1.34861,4272
2026-08-13T20:00:00+00:00,1.34861,1.34871,1.34834,1.34843,3248
2026-08-13T21:00:00+00:00,1.34843,1.34897,1.34749,1.34829,3191.195446056601
2026-08-13T22:00:00+00:00,1.34829,1.3487,1.3482200000000002,1.3487,1159
2026-08-13T23:00:00+00:00,1.3487,1.3489300000000002,1.34863,1.3488600000000002,2045
2026-08-14T00:00:00+00:00,1.3488600000000002,1.3497000000000001,1.3488300000000002,1.34963,11169
2026-08-14T01:00:00+00:00,1.34963,1.34966,1.34878,1.34881,9644
2026-08-14T02:00:00+00:00,1.34881,1.34925,1.3487200000000001,1.34884,7217
2026-08-14T03:00:00+00:00,1.34884,1.34962,1.3487600000000002,1.3493700000000002,7529
2026-08-14T04:00:00+00:00,1.3493700000000002,1.34986,1.3493300000000001,1.34958,7153
2026-08-14T05:00:00+00:00,1.34958,1.3501,1.3495700000000002,1.3499700000000001,7868
2026-08-14T06:00:00+00:00,1.3499700000000001,1.35036,1.34968,1.3503500000000002,8033
2026-08-14T07:00:00+00:00,1.3503500000000002,1.3512300000000002,1.3501800000000002,1.3511000000000002,10833
2026-08-14T08:00:00+00:00,1.3511000000000002,1.3526,1.3510900000000001,1.35213,11409
2026-08-14T09:00:00+00:00,1.35213,1.35246,1.3518400000000002,1.35237,8581
2026-08-14T10:00:00+00:00,1.35237,1.35285,1.3521800000000002,1.35264,6810
2026-08-14T11:00:00+00:00,1.35264,1.3541500000000002,1.35253,1.35338,11147
2026-08-14T12:00:00+00:00,1.35338,1.35498,1.3531600000000001,1.3537000000000001,15847
2026-08-14T13:00:00+00:00,1.3537000000000001,1.3560800000000002,1.3533000000000002,1.3550600000000002,20198
2026-08-14T14:00:00+00:00,1.3550600000000002,1.3560100000000002,1.35443,1.35471,18313
2026-08-14T15:00:00+00:00,1.35471,1.35559,1.3538400000000002,1.35528,15702
2026-08-14T16:00:00+00:00,1.35528,1.3555300000000001,1.3537100000000002,1.35379,10630
2026-08-14T17:00:00+00:00,1.35379,1.35382,1.3525800000000001,1.3531000000000002,8799
2026-08-14T18:00:00+00:00,1.3531000000000002,1.35345,1.3528300000000002,1.3532000000000002,6352
2026-08-14T19:00:00+00:00,1.3532000000000002,1.3536100000000002,1.3530900000000001,1.3533600000000001,5382
2026-08-14T20:00:00+00:00,1.3533600000000001,1.35351,1.3520400000000001,1.35264,4662
2026-08-16T21:00:00+00:00,1.35264,1.3529600000000004,1.3519700000000003,1.3521300000000005,1386.2614847304637
2026-08-16T22:00:00+00:00,1.3521300000000005,1.3536700000000004,1.3521300000000005,1.3536600000000003,2140
2026-08-16T23:00:00+00:00,1.3536600000000003,1.3540500000000004,1.3536200000000005,1.3539600000000005,2405
2026-08-17T00:00:00+00:00,1.3539600000000005,1.3549400000000005,1.3539500000000004,1.3548500000000003,8663
2026-08-17T01:00:00+00:00,1.3548500000000003,1.3550200000000003,1.3543600000000005,1.3548600000000004,9016
2026-08-17T02:00:00+00:00,1.3548600000000004,1.3549400000000005,1.3542800000000004,1.3543100000000003,5650
2026-08-17T03:00:00+00:00,1.3543100000000003,1.3545500000000004,1.3540100000000004,1.3545000000000005,6297
2026-08-17T04:00:00+00:00,1.3545000000000005,1.3549700000000005,1.3544000000000005,1.3544600000000004,5276
2026-08-17T05:00:00+00:00,1.3544600000000004,1.3551900000000003,1.3543100000000003,1.3547000000000005,7613
2026-08-17T06:00:00+00:00,1.3547000000000005,1.3554000000000004,1.3544000000000005,1.3552000000000004,10816
2026-08-17T07:00:00+00:00,1.3552000000000004,1.3564600000000004,1.3547900000000004,1.3556400000000004,12825
2026-08-17T08:00:00+00:00,1.3556400000000004,1.3564400000000003,1.3542500000000004,1.3547200000000004,10478
2026-08-17T09:00:00+00:00,1.3547200000000004,1.3555600000000003,1.3545000000000005,1.3552100000000005,8413
2026-08-17T10:00:00+00:00,1.3552100000000005,1.3558500000000004,1.3547100000000003,1.3549900000000004,10032
2026-08-17T11:00:00+00:00,1.3549900000000004,1.3554500000000005,1.3545300000000005,1.3549800000000003,8434
2026-08-17T12:00:00+00:00,1.3549800000000003,1.3555900000000003,1.3546300000000004,1.3554100000000004,10807
2026-08-17T13:00:00+00:00,1.3554100000000004,1.3559600000000005,1.3544700000000005,1.3553500000000005,12679
2026-08-17T14:00:00+00:00,1.3553500000000005,1.3562200000000004,1.3543800000000004,1.3546300000000004,13183
2026-08-17T15:00:00+00:00,1.3546300000000004,1.3555300000000003,1.3544000000000005,1.3555300000000003,11078
2026-08-17T16:00:00+00:00,1.3555300000000003,1.3558300000000003,1.3550400000000005,1.3552100000000005,7175
2026-08-17T17:00:00+00:00,1.3552100000000005,1.3553300000000004,1.3537500000000005,1.3537700000000004,8491
2026-08-17T18:00:00+00:00,1.3537700000000004,1.3538800000000004,1.3529100000000005,1.3531100000000005,7725
2026-08-17T19:00:00+00:00,1.3531100000000005,1.3538100000000004,1.3529600000000004,1.3536600000000003,5515
2026-08-17T20:00:00+00:00,1.3536600000000003,1.3538400000000004,1.3533800000000005,1.3537300000000003,2697
2026-08-17T21:00:00+00:00,1.3537300000000003,1.3537300000000003,1.3523100000000003,1.3526600000000002,2278.542425565425
2026-08-17T22:00:00+00:00,1.3526600000000002,1.3534300000000004,1.3526600000000002,1.3532900000000003,1463
2026-08-17T23:00:00+00:00,1.3532900000000003,1.3540900000000002,1.3532400000000002,1.3539000000000003,2115
2026-08-18T00:00:00+00:00,1.3539000000000003,1.3542900000000002,1.3533800000000002,1.3539200000000002,11196
2026-08-18T01:00:00+00:00,1.3539200000000002,1.3542500000000002,1.3534000000000004,1.3534800000000002,11308
2026-08-18T02:00:00+00:00,1.3534800000000002,1.3535900000000003,1.3528500000000003,1.3534800000000002,10452
2026-08-18T03:00:00+00:00,1.3534800000000002,1.3534900000000003,1.3522600000000002,1.3524100000000003,8381
2026-08-18T04:00:00+00:00,1.3524100000000003,1.3526900000000002,1.3519700000000003,1.3524200000000002,7620
2026-08-18T05:00:00+00:00,1.3524200000000002,1.3527900000000004,1.3521700000000003,1.3524600000000002,6333
2026-08-18T06:00:00+00:00,1.3524600000000002,1.3531600000000004,1.3510000000000002,1.3515900000000003,13578
2026-08-18T07:00:00+00:00,1.3515900000000003,1.3520300000000003,1.3508500000000003,1.3517500000000002,10330
2026-08-18T08:00:00+00:00,1.3517500000000002,1.3522300000000003,1.3512400000000002,1.3521000000000003,9814
2026-08-18T09:00:00+00:00,1.3521000000000003,1.3522400000000003,1.3515200000000003,1.3520900000000002,9253
2026-08-18T10:00:00+00:00,1.3520900000000002,1.3520900000000002,1.3513100000000002,1.3514700000000002,9621
2026-08-18T11:00:00+00:00,1.3514700000000002,1.3516500000000002,1.3508600000000002,1.3515700000000004,6750
2026-08-18T12:00:00+00:00,1.3515700000000004,1.3523100000000003,1.3512400000000002,1.3520400000000004,10218
2026-08-18T13:00:00+00:00,1.3520400000000004,1.3532600000000004,1.3517100000000002,1.3529900000000004,14329
2026-08-18T14:00:00+00:00,1.3529900000000004,1.3539800000000002,1.3527900000000004,1.3531600000000004,16199
2026-08-18T15:00:00+00:00,1.3531600000000004,1.3537000000000003,1.3525300000000002,1.3531600000000004,15180
2026-08-18T16:00:00+00:00,1.3531600000000004,1.3535900000000003,1.3529300000000002,1.3529500000000003,8453
2026-08-18T17:00:00+00:00,1.3529500000000003,1.3530300000000002,1.3521000000000003,1.3523700000000003,7318
2026-08-18T18:00:00+00:00,1.3523700000000003,1.3527000000000002,1.3521200000000002,1.3522700000000003,6528
2026-08-18T19:00:00+00:00,1.3522700000000003,1.3528400000000003,1.3520200000000002,1.3521500000000002,7614
2026-08-18T20:00:00+00:00,1.3521500000000002,1.3521800000000004,1.3517300000000003,1.3520200000000002,5220
2026-08-18T21:00:00+00:00,1.3520200000000002,1.3522900000000004,1.3512100000000002,1.3519300000000003,1723.7621707866458
2026-08-18T22:00:00+00:00,1.3519300000000003,1.3525500000000004,1.3519300000000003,1.3522300000000003,2096
2026-08-18T23:00:00+00:00,1.3522300000000003,1.3525000000000003,1.3520600000000003,1.3524900000000004,2779
2026-08-19T00:00:00+00:00,1.3524900000000004,1.3530400000000002,1.3518000000000003,1.3518000000000003,11799
2026-08-19T01:00:00+00:00,1.3518000000000003,1.3520300000000003,1.3512400000000004,1.3519500000000004,9987
2026-08-19T02:00:00+00:00,1.3519500000000004,1.3532800000000003,1.3518900000000003,1.3528600000000004,11506
2026-08-19T03:00:00+00:00,1.3528600000000004,1.3530500000000003,1.3525800000000003,1.3526100000000003,8107
2026-08-19T04:00:00+00:00,1.3526100000000003,1.3531500000000003,1.3525200000000004,1.3530700000000004,8598
2026-08-19T05:00:00+00:00,1.3530700000000004,1.3533800000000002,1.3528500000000003,1.3532400000000004,9132
2026-08-19T06:00:00+00:00,1.3532400000000004,1.3546900000000004,1.3529200000000003,1.3540100000000004,12621
2026-08-19T07:00:00+00:00,1.3540100000000004,1.3544900000000004,1.3533400000000004,1.3544700000000003,13181
2026-08-19T08:00:00+00:00,1.3544700000000003,1.3554800000000002,1.3541700000000003,1.3542100000000004,12092
2026-08-19T09:00:00+00:00,1.3542100000000004,1.3548200000000004,1.3538600000000003,1.3547200000000004,9661
2026-08-19T10:00:00+00:00,1.3547200000000004,1.3553500000000003,1.3543500000000004,1.3545200000000004,8242
2026-08-19T11:00:00+00:00,1.3545200000000004,1.3549500000000003,1.3536500000000002,1.3541800000000004,8518
2026-08-19T12:00:00+00:00,1.3541800000000004,1.3592000000000004,1.3541500000000004,1.3583900000000004,23103
2026-08-19T13:00:00+00:00,1.3583900000000004,1.3613200000000003,1.3583900000000004,1.3606400000000003,31827
2026-08-19T14:00:00+00:00,1.3606400000000003,1.3619300000000003,1.3595500000000003,1.3597700000000004,25953
2026-08-19T15:00:00+00:00,1.3597700000000004,1.3604600000000004,1.3590400000000002,1.3595500000000003,17654
2026-08-19T16:00:00+00:00,1.3595500000000003,1.3604600000000004,1.3593100000000002,1.3599100000000004,12518
2026-08-19T17:00:00+00:00,1.3599100000000004,1.3604800000000004,1.3579300000000003,1.3579600000000003,12647
2026-08-19T18:00:00+00:00,1.3579600000000003,1.3599000000000003,1.3578500000000004,1.3596100000000004,13437
2026-08-19T19:00:00+00:00,1.3596100000000004,1.3600900000000002,1.3591800000000003,1.3596800000000004,12883
2026-08-19T20:00:00+00:00,1.3596800000000004,1.3599000000000003,1.3591200000000003,1.3594200000000003,3730
2026-08-19T21:00:00+00:00,1.3594200000000003,1.3607100000000003,1.3586300000000002,1.3603000000000005,2096.2502533309525
2026-08-19T22:00:00+00:00,1.3603000000000005,1.3607900000000004,1.3600900000000005,1.3600900000000005,2955
2026-08-19T23:00:00+00:00,1.3600900000000005,1.3604700000000003,1.3596300000000003,1.3597600000000003,3192
2026-08-20T00:00:00+00:00,1.3597600000000003,1.3604900000000004,1.3595300000000003,1.3597200000000005,13120
2026-08-20T01:00:00+00:00,1.3597200000000005,1.3606200000000004,1.3592400000000004,1.3605500000000004,16397
2026-08-20T02:00:00+00:00,1.3605500000000004,1.3612600000000004,1.3599700000000003,1.3602800000000004,12446
2026-08-20T03:00:00+00:00,1.3602800000000004,1.3612800000000005,1.3602300000000005,1.3612000000000004,9267
2026-08-20T04:00:00+00:00,1.3612000000000004,1.3614300000000004,1.3603800000000004,1.3605300000000005,8739
2026-08-20T05:00:00+00:00,1.3605300000000005,1.3608200000000004,1.3597800000000004,1.3602500000000004,11513
2026-08-20T06:00:00+00:00,1.3602500000000004,1.3614900000000003,1.3600600000000005,1.3614500000000005,15631
2026-08-20T07:00:00+00:00,1.3614500000000005,1.3629100000000005,1.3606500000000004,1.3622700000000003,15660
2026-08-20T08:00:00+00:00,1.3622700000000003,1.3635300000000004,1.3621100000000004,1.3633200000000003,13779
2026-08-20T09:00:00+00:00,1.3633200000000003,1.3645700000000005,1.3629300000000004,1.3645600000000004,11747
2026-08-20T10:00:00+00:00,1.3645600000000004,1.3657400000000004,1.3638600000000003,1.3642300000000005,12155
2026-08-20T11:00:00+00:00,1.3642300000000005,1.3643700000000003,1.3626900000000004,1.3629800000000003,13159
2026-08-20T12:00:00+00:00,1.3629800000000003,1.3643400000000003,1.3618300000000003,1.3640100000000004,20424
2026-08-20T13:00:00+00:00,1.3640100000000004,1.3650600000000004,1.3630500000000003,1.3631800000000005,22713
2026-08-20T14:00:00+00:00,1.3631800000000005,1.3637600000000003,1.3624500000000004,1.3629500000000003,16139
2026-08-20T15:00:00+00:00,1.3629500000000003,1.3645600000000004,1.3625400000000003,1.3634600000000003,27674
2026-08-20T16:00:00+00:00,1.3634600000000003,1.3635400000000004,1.3621700000000003,1.3628500000000003,14457
2026-08-20T17:00:00+00:00,1.3628500000000003,1.3629600000000004,1.3620600000000005,1.3625400000000003,9108
2026-08-20T18:00:00+00:00,1.3625400000000003,1.3626200000000004,1.3618400000000004,1.3625400000000003,8671
2026-08-20T19:00:00+00:00,1.3625400000000003,1.3628700000000005,1.3623000000000005,1.3626500000000004,8483
2026-08-20T20:00:00+00:00,1.3626500000000004,1.3630700000000004,1.3625400000000003,1.3627800000000003,3222
2026-08-20T21:00:00+00:00,1.3627800000000003,1.3628600000000004,1.3617900000000005,1.3625800000000003,2238.0609519602813
2026-08-20T22:00:00+00:00,1.3625800000000003,1.3634300000000004,1.3625400000000003,1.3633500000000005,1709
2026-08-20T23:00:00+00:00,1.3633500000000005,1.3641600000000005,1.3633500000000005,1.3640800000000004,3977
2026-08-21T00:00:00+00:00,1.3640800000000004,1.3644400000000003,1.3635400000000004,1.3635700000000004,11626
2026-08-21T01:00:00+00:00,1.3635700000000004,1.3646900000000004,1.3634600000000003,1.3642300000000005,13218
2026-08-21T02:00:00+00:00,1.3642300000000005,1.3653300000000004,1.3638400000000004,1.3646500000000004,9938
2026-08-21T03:00:00+00:00,1.3646500000000004,1.3648800000000003,1.3640900000000005,1.3643500000000004,7775
2026-08-21T04:00:00+00:00,1.3643500000000004,1.3643900000000004,1.3637300000000003,1.3641200000000004,5514
2026-08-21T05:00:00+00:00,1.3641200000000004,1.3651200000000003,1.3638500000000005,1.3649500000000003,7998
2026-08-21T06:00:00+00:00,1.3649500000000003,1.3650200000000003,1.3638500000000005,1.3647300000000004,11020
2026-08-21T07:00:00+00:00,1.3647300000000004,1.3651300000000004,1.3635600000000003,1.3638700000000004,14064
2026-08-21T08:00:00+00:00,1.3638700000000004,1.3663000000000003,1.3633400000000004,1.3662400000000003,16062
2026-08-21T09:00:00+00:00,1.3662400000000003,1.3673500000000005,1.3652600000000004,1.3652800000000005,13415
2026-08-21T10:00:00+00:00,1.3652800000000005,1.3664200000000004,1.3641100000000004,1.3646300000000005,12112
2026-08-21T11:00:00+00:00,1.3646300000000005,1.3662600000000005,1.3644200000000004,1.3655200000000005,13671
2026-08-21T12:00:00+00:00,1.3655200000000005,1.3657700000000004,1.3633000000000004,1.3641200000000004,18162
2026-08-21T13:00:00+00:00,1.3641200000000004,1.3645000000000005,1.3632100000000005,1.3642100000000004,16571
2026-08-21T14:00:00+00:00,1.3642100000000004,1.3642100000000004,1.3616300000000003,1.3621900000000005,19735
2026-08-21T15:00:00+00:00,1.3621900000000005,1.3640000000000003,1.3620000000000003,1.3639800000000004,13572
2026-08-21T16:00:00+00:00,1.3639800000000004,1.3643800000000004,1.3634500000000005,1.3639900000000005,12486
2026-08-21T17:00:00+00:00,1.3639900000000005,1.3647400000000005,1.3637500000000005,1.3646400000000003,9213
2026-08-21T18:00:00+00:00,1.3646400000000003,1.3651700000000004,1.3646400000000003,1.3649500000000003,5434
2026-08-21T19:00:00+00:00,1.3649500000000003,1.3650600000000004,1.3643100000000004,1.3644900000000004,5964
2026-08-21T20:00:00+00:00,1.3644900000000004,1.3646300000000005,1.3631400000000005,1.36411,4945
2026-08-23T21:00:00+00:00,1.36189,1.36429,1.36189,1.36255,1136
2026-08-23T22:00:00+00:00,1.36255,1.36467,1.36255,1.36425,2184
2026-08-23T23:00:00+00:00,1.36425,1.36539,1.36424,1.36538,3815
2026-08-24T00:00:00+00:00,1.36538,1.36558,1.36493,1.36546,11311
2026-08-24T01:00:00+00:00,1.36546,1.3656,1.36416,1.36477,13092
2026-08-24T02:00:00+00:00,1.36477,1.36521,1.36455,1.36494,9764
2026-08-24T03:00:00+00:00,1.36494,1.36504,1.36433,1.36454,8045
2026-08-24T04:00:00+00:00,1.36454,1.36475,1.36411,1.36475,11192
2026-08-24T05:00:00+00:00,1.36475,1.36476,1.36386,1.36436,9509
2026-08-24T06:00:00+00:00,1.36436,1.36461,1.36378,1.36434,13580
2026-08-24T07:00:00+00:00,1.36434,1.36489,1.36319,1.36326,16241
2026-08-24T08:00:00+00:00,1.36326,1.36388,1.36212,1.36215,12554
2026-08-24T09:00:00+00:00,1.36215,1.36341,1.36215,1.36341,8728
2026-08-24T10:00:00+00:00,1.36341,1.36353,1.36256,1.36257,9210
2026-08-24T11:00:00+00:00,1.36257,1.36409,1.36227,1.36387,16053
2026-08-24T12:00:00+00:00,1.36387,1.36473,1.36317,1.36426,16749
2026-08-24T13:00:00+00:00,1.36426,1.36497,1.36382,1.3641,17735
2026-08-24T14:00:00+00:00,1.3641,1.36428,1.36326,1.3634,17128
2026-08-24T15:00:00+00:00,1.3634,1.36447,1.36286,1.36297,16727
2026-08-24T16:00:00+00:00,1.36297,1.36377,1.36288,1.36344,12352
2026-08-24T17:00:00+00:00,1.36344,1.36368,1.36251,1.36287,14655
2026-08-24T18:00:00+00:00,1.36287,1.36344,1.36248,1.36312,8112
2026-08-24T19:00:00+00:00,1.36312,1.36312,1.36247,1.3628,5801
2026-08-24T20:00:00+00:00,1.3628,1.36314,1.36277,1.36306,2725
2026-08-24T21:00:00+00:00,1.36306,1.36338,1.36224,1.36281,2539
2026-08-24T22:00:00+00:00,1.36281,1.36341,1.36281,1.36335,1115
2026-08-24T23:00:00+00:00,1.36335,1.3638,1.36334,1.36375,2564
2026-08-25T00:00:00+00:00,1.36375,1.36404,1.36357,1.3639,10197
2026-08-25T01:00:00+00:00,1.3639,1.36394,1.36308,1.36321,10344
2026-08-25T02:00:00+00:00,1.36321,1.36358,1.36296,1.36319,11576
2026-08-25T03:00:00+00:00,1.36319,1.36336,1.36282,1.36289,9161
2026-08-25T04:00:00+00:00,1.36289,1.36289,1.36237,1.36263,7201
2026-08-25T05:00:00+00:00,1.36263,1.36287,1.36221,1.36228,7547
2026-08-25T06:00:00+00:00,1.36228,1.36286,1.36219,1.36275,11059
2026-08-25T07:00:00+00:00,1.36275,1.36443,1.36275,1.36383,11138
2026-08-25T08:00:00+00:00,1.36383,1.36423,1.36287,1.36414,14302
2026-08-25T09:00:00+00:00,1.36414,1.36496,1.36396,1.36427,12807
2026-08-25T10:00:00+00:00,1.36427,1.36427,1.36312,1.36323,10995
2026-08-25T11:00:00+00:00,1.36323,1.36373,1.36275,1.3631900000000001,10264
2026-08-25T12:00:00+00:00,1.3631900000000001,1.36365,1.36259,1.36356,11147
2026-08-25T13:00:00+00:00,1.36356,1.36528,1.3634,1.36425,15670
2026-08-25T14:00:00+00:00,1.36425,1.36438,1.36278,1.36327,17684
2026-08-25T15:00:00+00:00,1.36327,1.36398,1.36302,1.36397,14794
2026-08-25T16:00:00+00:00,1.36397,1.3641,1.3632,1.36349,8375
2026-08-25T17:00:00+00:00,1.36349,1.36445,1.36335,1.36437,9459
2026-08-25T18:00:00+00:00,1.36437,1.36468,1.36421,1.3645499999999997,6783
2026-08-25T19:00:00+00:00,1.3645499999999997,1.3653899999999999,1.3643299999999998,1.3652099999999998,9037
2026-08-25T20:00:00+00:00,1.3652099999999998,1.3654499999999998,1.3646499999999997,1.3647199999999997,5114
2026-08-25T21:00:00+00:00,1.3647199999999997,1.36483,1.36357,1.3641699999999999,1988
2026-08-25T22:00:00+00:00,1.3641699999999999,1.36487,1.3641699999999999,1.36486,2626
2026-08-25T23:00:00+00:00,1.36486,1.3648799999999999,1.36433,1.36445,2265
2026-08-26T00:00:00+00:00,1.36445,1.3647799999999999,1.3642999999999998,1.36439,8888
2026-08-26T01:00:00+00:00,1.36439,1.36466,1.36425,1.36433,10345
2026-08-26T02:00:00+00:00,1.36433,1.36462,1.3638,1.3638599999999999,7991
2026-08-26T03:00:00+00:00,1.3638599999999999,1.36402,1.36351,1.36357,8051
2026-08-26T04:00:00+00:00,1.36357,1.36358,1.3630499999999999,1.36316,5347
2026-08-26T05:00:00+00:00,1.36316,1.36357,1.36289,1.3633499999999998,6903
2026-08-26T06:00:00+00:00,1.3633499999999998,1.36337,1.36238,1.36311,10568
2026-08-26T07:00:00+00:00,1.36311,1.36394,1.3629099999999998,1.36306,9464
2026-08-26T08:00:00+00:00,1.36306,1.36357,1.3625099999999999,1.3627399999999998,10955
2026-08-26T09:00:00+00:00,1.3627399999999998,1.36287,1.3621699999999999,1.36256,7630
2026-08-26T10:00:00+00:00,1.36256,1.3625699999999998,1.3615899999999999,1.36192,6868
2026-08-26T11:00:00+00:00,1.36192,1.3629499999999999,1.36191,1.3627799999999999,8968
2026-08-26T12:00:00+00:00,1.3627799999999999,1.36344,1.3605699999999998,1.3606099999999999,17104
2026-08-26T13:00:00+00:00,1.3606099999999999,1.36077,1.36005,1.36007,18394
2026-08-26T14:00:00+00:00,1.36007,1.3601299999999998,1.35823,1.35867,18434
2026-08-26T15:00:00+00:00,1.35867,1.35975,1.35857,1.35923,14722
2026-08-26T16:00:00+00:00,1.35923,1.35954,1.3586399999999998,1.35885,10493
2026-08-26T17:00:00+00:00,1.35885,1.35941,1.3586799999999999,1.35919,8367
2026-08-26T18:00:00+00:00,1.35919,1.3594,1.35879,1.359,6642
2026-08-26T19:00:00+00:00,1.359,1.35928,1.35887,1.35926,6226
2026-08-26T20:00:00+00:00,1.35926,1.35965,1.3591,1.35935,3877
2026-08-26T21:00:00+00:00,1.35935,1.35942,1.35813,1.35913,2851
2026-08-26T22:00:00+00:00,1.35913,1.35982,1.35913,1.35948,11206
2026-08-26T23:00:00+00:00,1.35948,1.35981,1.35945,1.35962,7848
2026-08-27T00:00:00+00:00,1.35962,1.35968,1.35898,1.35924,14217
2026-08-27T01:00:00+00:00,1.35924,1.35947,1.35897,1.3593199999999999,10627
2026-08-27T02:00:00+00:00,1.3593199999999999,1.35951,1.35889,1.35913,6755
2026-08-27T03:00:00+00:00,1.35913,1.3593,1.3587399999999998,1.35879,7584
2026-08-27T04:00:00+00:00,1.35879,1.3591099999999998,1.35866,1.35879,6208
2026-08-27T05:00:00+00:00,1.35879,1.3591499999999999,1.3585699999999998,1.3589,6810
2026-08-27T06:00:00+00:00,1.3589,1.3591799999999998,1.35862,1.35899,8850
2026-08-27T07:00:00+00:00,1.35899,1.3596899999999998,1.35865,1.3587799999999999,11121
2026-08-27T08:00:00+00:00,1.3587799999999999,1.3595199999999998,1.35798,1.3579999999999999,10836
2026-08-27T09:00:00+00:00,1.3579999999999999,1.35819,1.35716,1.35754,10802
2026-08-27T10:00:00+00:00,1.35754,1.3582299999999998,1.3571,1.3575599999999999,10459
2026-08-27T11:00:00+00:00,1.3575599999999999,1.35835,1.3571199999999999,1.3578299999999999,11877
2026-08-27T12:00:00+00:00,1.3578299999999999,1.35841,1.35737,1.35747,14897
2026-08-27T13:00:00+00:00,1.35747,1.3602699999999999,1.35736,1.3593499999999998,20083
2026-08-27T14:00:00+00:00,1.3593499999999998,1.3597599999999999,1.3580299999999998,1.35822,17186
2026-08-27T15:00:00+00:00,1.35822,1.3599599999999998,1.3581999999999999,1.3598799999999998,13385
2026-08-27T16:00:00+00:00,1.3598799999999998,1.3601299999999996,1.3590999999999995,1.3593299999999995,8890
2026-08-27T17:00:00+00:00,1.3593299999999995,1.3596399999999995,1.3587199999999995,1.3588399999999996,8917
2026-08-27T18:00:00+00:00,1.3588399999999996,1.3589499999999997,1.3582799999999995,1.3588499999999997,6497
2026-08-27T19:00:00+00:00,1.3588499999999997,1.3590199999999997,1.3584599999999996,1.3588199999999995,6229
2026-08-27T20:00:00+00:00,1.3588199999999995,1.3593699999999995,1.3587699999999996,1.3592199999999997,2588
2026-08-27T21:00:00+00:00,1.3592199999999997,1.35953,1.3580999999999996,1.35913,2345
2026-08-27T22:00:00+00:00,1.35913,1.35967,1.35913,1.35965,1789
2026-08-27T23:00:00+00:00,1.35965,1.35982,1.35952,1.35969,2495
2026-08-28T00:00:00+00:00,1.35969,1.35979,1.35933,1.35959,8621
2026-08-28T01:00:00+00:00,1.35959,1.35979,1.35902,1.35904,10637
2026-08-28T02:00:00+00:00,1.35904,1.35937,1.35878,1.35933,8620
2026-08-28T03:00:00+00:00,1.35933,1.35948,1.35888,1.35896,5775
2026-08-28T04:00:00+00:00,1.35896,1.35898,1.35874,1.35886,4463
2026-08-28T05:00:00+00:00,1.35886,1.35915,1.35871,1.35887,5585
2026-08-28T06:00:00+00:00,1.35887,1.35946,1.35883,1.35926,13065
2026-08-28T07:00:00+00:00,1.35926,1.35934,1.35803,1.35874,10993
2026-08-28T08:00:00+00:00,1.35874,1.35906,1.35832,1.35875,9430
2026-08-28T09:00:00+00:00,1.35875,1.35877,1.35809,1.35811,10606
2026-08-28T10:00:00+00:00,1.35811,1.35919,1.35802,1.35917,8301
2026-08-28T11:00:00+00:00,1.35917,1.35917,1.35843,1.3585,7946
2026-08-28T12:00:00+00:00,1.3585,1.35861,1.35735,1.35841,12694
2026-08-28T13:00:00+00:00,1.35841,1.35875,1.35702,1.35702,13773
2026-08-28T14:00:00+00:00,1.35702,1.35978,1.35292,1.35718,51556
2026-08-28T15:00:00+00:00,1.35718,1.35765,1.35513,1.35534,25564
2026-08-28T16:00:00+00:00,1.35534,1.35534,1.35344,1.35371,22232
2026-08-28T17:00:00+00:00,1.35371,1.35374,1.35267,1.35298,11578
2026-08-28T18:00:00+00:00,1.35298,1.35323,1.3527,1.35305,8279
2026-08-28T19:00:00+00:00,1.35305,1.35401,1.35299,1.35382,7068
2026-08-28T20:00:00+00:00,1.35382,1.3539,1.3526,1.35319,3369
2026-08-30T21:00:00+00:00,1.3531199999999999,1.3534599999999999,1.35248,1.3528499999999999,1067
2026-08-30T22:00:00+00:00,1.3528499999999999,1.35367,1.35267,1.35357,2080
2026-08-30T23:00:00+00:00,1.35357,1.35406,1.35344,1.35397,3938
2026-08-31T00:00:00+00:00,1.35397,1.35471,1.35334,1.35451,10570
2026-08-31T01:00:00+00:00,1.35451,1.35472,1.35369,1.35433,14217
2026-08-31T02:00:00+00:00,1.35433,1.35458,1.35385,1.35445,11946
2026-08-31T03:00:00+00:00,1.35445,1.3547,1.35414,1.3544,6858
2026-08-31T04:00:00+00:00,1.3544,1.35464,1.35414,1.35449,6723
2026-08-31T05:00:00+00:00,1.35449,1.3547,1.35414,1.35467,8921
2026-08-31T06:00:00+00:00,1.35467,1.35489,1.35388,1.35437,9672
2026-08-31T07:00:00+00:00,1.35437,1.35482,1.35366,1.35462,11881
2026-08-31T08:00:00+00:00,1.35462,1.35558,1.3538,1.35402,13877
2026-08-31T09:00:00+00:00,1.35402,1.35457,1.35395,1.35422,10491
2026-08-31T10:00:00+00:00,1.35422,1.35466,1.35357,1.35397,10618
2026-08-31T11:00:00+00:00,1.35397,1.35463,1.35367,1.35385,11455
2026-08-31T12:00:00+00:00,1.35385,1.35467,1.35355,1.35384,14837
2026-08-31T13:00:00+00:00,1.35384,1.35484,1.35379,1.35427,15043
2026-08-31T14:00:00+00:00,1.35427,1.35653,1.35357,1.35545,23434
2026-08-31T15:00:00+00:00,1.35545,1.35597,1.35454,1.35485,15522
2026-08-31T16:00:00+00:00,1.35485,1.35525,1.35462,1.35487,9337
2026-08-31T17:00:00+00:00,1.35487,1.35532,1.35461,1.35496,6750
2026-08-31T18:00:00+00:00,1.35496,1.35516,1.35465,1.35493,7342
2026-08-31T19:00:00+00:00,1.35493,1.35515,1.35461,1.35496,7681
2026-08-31T20:00:00+00:00,1.35496,1.35516,1.35461,1.35475,3140
2026-08-31T21:00:00+00:00,1.35475,1.35516,1.3538,1.35488,2648
2026-08-31T22:00:00+00:00,1.35488,1.3554,1.35452,1.35461,1868
2026-08-31T23:00:00+00:00,1.35461,1.35491,1.35437,1.35485,3730
2026-09-01T00:00:00+00:00,1.35485,1.35593,1.35464,1.35528,13094
2026-09-01T01:00:00+00:00,1.35528,1.35534,1.35422,1.35457,13380
2026-09-01T02:00:00+00:00,1.35457,1.35461,1.35412,1.3546,10445
2026-09-01T03:00:00+00:00,1.3546,1.3546,1.35407,1.35408,8801
2026-09-01T04:00:00+00:00,1.35408,1.35429,1.35381,1.35426,6551
2026-09-01T05:00:00+00:00,1.35426,1.35496,1.35424,1.35467,7907
2026-09-01T06:00:00+00:00,1.35467,1.35476,1.35354,1.35408,11897
2026-09-01T07:00:00+00:00,1.35408,1.35435,1.35315,1.35362,13167
2026-09-01T08:00:00+00:00,1.35362,1.35422,1.35289,1.35412,14286
2026-09-01T09:00:00+00:00,1.35412,1.35484,1.35389,1.35395,11768
2026-09-01T10:00:00+00:00,1.35395,1.35438,1.35334,1.35356,10289
2026-09-01T11:00:00+00:00,1.35356,1.35395,1.35304,1.35357,13193
2026-09-01T12:00:00+00:00,1.35357,1.35359,1.3529,1.35298,13550
2026-09-01T13:00:00+00:00,1.35298,1.35457,1.35251,1.35433,15130
2026-09-01T14:00:00+00:00,1.35433,1.3552,1.35355,1.35377,18811
2026-09-01T15:00:00+00:00,1.35377,1.35406,1.35235,1.35267,13991
2026-09-01T16:00:00+00:00,1.35267,1.35279,1.35141,1.35145,13867
2026-09-01T17:00:00+00:00,1.35145,1.35211,1.35117,1.35135,9674
2026-09-01T18:00:00+00:00,1.35135,1.3516,1.35061,1.35139,7404
2026-09-01T19:00:00+00:00,1.35139,1.35159,1.35097,1.35117,6051
2026-09-01T20:00:00+00:00,1.35117,1.3517,1.35094,1.35151,2745
2026-09-01T21:00:00+00:00,1.35151,1.35151,1.3506,1.35086,2162
2026-09-01T22:00:00+00:00,1.35086,1.35189,1.35086,1.35149,3474
2026-09-01T23:00:00+00:00,1.35149,1.35166,1.3513,1.3513,2195
2026-09-02T00:00:00+00:00,1.3513,1.35145,1.35067,1.35067,14895
2026-09-02T01:00:00+00:00,1.35067,1.35086,1.35024,1.3505,11970
2026-09-02T02:00:00+00:00,1.3505,1.35084,1.35005,1.35068,11189
2026-09-02T03:00:00+00:00,1.35068,1.35078,1.3501,1.35026,9423
2026-09-02T04:00:00+00:00,1.35026,1.35028,1.34964,1.34966,8544
2026-09-02T05:00:00+00:00,1.34966,1.35048,1.34944,1.35027,10873
2026-09-02T06:00:00+00:00,1.35027,1.35083,1.34925,1.34928,15718
2026-09-02T07:00:00+00:00,1.34928,1.35129,1.34896,1.35108,14248
2026-09-02T08:00:00+00:00,1.35108,1.35147,1.35007,1.35007,12058
2026-09-02T09:00:00+00:00,1.35007,1.35069,1.34857,1.34863,10706
2026-09-02T10:00:00+00:00,1.34863,1.34878,1.34769,1.34841,11227
2026-09-02T11:00:00+00:00,1.34841,1.34918,1.34806,1.34846,15417
2026-09-02T12:00:00+00:00,1.34846,1.34889,1.34745,1.34749,19019
2026-09-02T13:00:00+00:00,1.34749,1.35135,1.34747,1.35126,24499
2026-09-02T14:00:00+00:00,1.35126,1.35126,1.34966,1.35054,27024
2026-09-02T15:00:00+00:00,1.35054,1.35103,1.34945,1.35014,18627
2026-09-02T16:00:00+00:00,1.35014,1.35039,1.34942,1.34942,12276
2026-09-02T17:00:00+00:00,1.34942,1.34955,1.34851,1.34872,11738
2026-09-02T18:00:00+00:00,1.34872,1.34921,1.34844,1.34864,9110
2026-09-02T19:00:00+00:00,1.34864,1.34883,1.34833,1.3488,7130
2026-09-02T20:00:00+00:00,1.3488,1.3491,1.34788,1.3484,4498
2026-09-02T21:00:00+00:00,1.3484,1.34841,1.34771,1.34802,1721
2026-09-02T22:00:00+00:00,1.34802,1.34852,1.34802,1.34832,1789
2026-09-02T23:00:00+00:00,1.34832,1.3484,1.348,1.34823,3263
2026-09-03T00:00:00+00:00,1.34823,1.34898,1.34803,1.34878,11370
2026-09-03T01:00:00+00:00,1.34878,1.34917,1.34805,1.34816,12612
2026-09-03T02:00:00+00:00,1.34816,1.34921,1.34804,1.34887,13724
2026-09-03T03:00:00+00:00,1.34887,1.34967,1.34885,1.34946,11207
2026-09-03T04:00:00+00:00,1.34946,1.34985,1.34922,1.34935,8847
2026-09-03T05:00:00+00:00,1.34935,1.34968,1.34895,1.34915,10729
2026-09-03T06:00:00+00:00,1.34915,1.34987,1.34835,1.34918,18003
2026-09-03T07:00:00+00:00,1.34918,1.35048,1.34896,1.35029,20631
2026-09-03T08:00:00+00:00,1.35029,1.35075,1.34965,1.34998,17256
2026-09-03T09:00:00+00:00,1.34998,1.35036,1.34896,1.3498,14980
2026-09-03T10:00:00+00:00,1.3498,1.34998,1.34844,1.34944,13860
2026-09-03T11:00:00+00:00,1.34944,1.35003,1.34866,1.34945,16828
2026-09-03T12:00:00+00:00,1.34945,1.35219,1.34892,1.35183,24726
2026-09-03T13:00:00+00:00,1.35183,1.35195,1.35024,1.35174,24677
2026-09-03T14:00:00+00:00,1.35174,1.35204,1.35003,1.35179,23630
2026-09-03T15:00:00+00:00,1.35179,1.3541,1.35179,1.35325,21604
2026-09-03T16:00:00+00:00,1.35325,1.3548,1.3531,1.35441,12830
2026-09-03T17:00:00+00:00,1.35441,1.35471,1.35386,1.35387,8408
2026-09-03T18:00:00+00:00,1.35387,1.3544,1.35372,1.35389,8653
2026-09-03T19:00:00+00:00,1.35389,1.35399,1.35225,1.35256,9645
2026-09-03T20:00:00+00:00,1.35256,1.35288,1.3523,1.35245,3244
2026-09-03T21:00:00+00:00,1.35245,1.35254,1.35184,1.35222,1744
2026-09-03T22:00:00+00:00,1.35222,1.35267,1.3521,1.35235,1732
2026-09-03T23:00:00+00:00,1.35235,1.35295,1.35232,1.35284,3903
2026-09-04T00:00:00+00:00,1.35284,1.35338,1.35248,1.35299,12626
2026-09-04T01:00:00+00:00,1.35299,1.35347,1.35282,1.35347,12238
2026-09-04T02:00:00+00:00,1.35347,1.35376,1.35294,1.35312,7201
2026-09-04T03:00:00+00:00,1.35312,1.35346,1.35265,1.35293,8521
2026-09-04T04:00:00+00:00,1.35293,1.35329,1.35293,1.35317,7336
2026-09-04T05:00:00+00:00,1.35317,1.35357,1.35297,1.35353,6548
2026-09-04T06:00:00+00:00,1.35353,1.35448,1.3535,1.35416,12794
2026-09-04T07:00:00+00:00,1.35416,1.3549,1.35327,1.35343,13844
2026-09-04T08:00:00+00:00,1.35343,1.3543,1.35298,1.35329,12203
2026-09-04T09:00:00+00:00,1.35329,1.3533,1.35218,1.3523,11430
2026-09-04T10:00:00+00:00,1.3523,1.35353,1.3522,1.35315,10514
2026-09-04T11:00:00+00:00,1.35315,1.35386,1.35315,1.35321,10314
2026-09-04T12:00:00+00:00,1.35321,1.35364,1.34817,1.35038,32729
2026-09-04T13:00:00+00:00,1.35038,1.35244,1.34949,1.35055,29387
2026-09-04T14:00:00+00:00,1.35055,1.35236,1.35052,1.35142,22448
2026-09-04T15:00:00+00:00,1.35142,1.3525,1.35104,1.35202,18272
2026-09-04T16:00:00+00:00,1.35202,1.35248,1.35176,1.352,9241
2026-09-04T17:00:00+00:00,1.352,1.352,1.35116,1.35135,9117
2026-09-04T18:00:00+00:00,1.35135,1.35145,1.35107,1.35138,7795
2026-09-04T19:00:00+00:00,1.35138,1.35218,1.35132,1.35187,6273
2026-09-04T20:00:00+00:00,1.35187,1.35196,1.35065,1.35106,2953
2026-09-06T21:00:00+00:00,1.35087,1.35188,1.35079,1.3511,4127
2026-09-06T22:00:00+00:00,1.3511,1.35178,1.3511,1.35156,1761
2026-09-06T23:00:00+00:00,1.35156,1.35197,1.35152,1.35166,3540
2026-09-07T00:00:00+00:00,1.35166,1.35222,1.35154,1.352,12142
2026-09-07T01:00:00+00:00,1.352,1.35204,1.35118,1.35124,11042
2026-09-07T02:00:00+00:00,1.35124,1.35127,1.35054,1.35074,7098
2026-09-07T03:00:00+00:00,1.35074,1.35127,1.35069,1.35111,7998
2026-09-07T04:00:00+00:00,1.35111,1.35125,1.35082,1.3512,6163
2026-09-07T05:00:00+00:00,1.3512,1.35194,1.35097,1.35186,7372
2026-09-07T06:00:00+00:00,1.35186,1.35314,1.35135,1.35264,10128
2026-09-07T07:00:00+00:00,1.35264,1.35337,1.35219,1.35326,12732
2026-09-07T08:00:00+00:00,1.35326,1.35451,1.35302,1.35353,16949
2026-09-07T09:00:00+00:00,1.35353,1.35436,1.35326,1.35359,8897
2026-09-07T10:00:00+00:00,1.35359,1.35408,1.35333,1.35385,7083
2026-09-07T11:00:00+00:00,1.35385,1.35399,1.35315,1.35318,7781
2026-09-07T12:00:00+00:00,1.35318,1.35389,1.35289,1.35375,10782
2026-09-07T13:00:00+00:00,1.35375,1.354,1.35355,1.3539,9071
2026-09-07T14:00:00+00:00,1.3539,1.3546,1.35363,1.35454,10623
2026-09-07T15:00:00+00:00,1.35454,1.35471,1.35394,1.35398,6789
2026-09-07T16:00:00+00:00,1.35398,1.35476,1.35383,1.35465,2337
2026-09-07T17:00:00+00:00,1.35465,1.35466,1.35415,1.35422,1824
2026-09-07T18:00:00+00:00,1.35422,1.35427,1.35403,1.35417,1593
2026-09-07T19:00:00+00:00,1.35417,1.35419,1.35387,1.35398,1982
2026-09-07T20:00:00+00:00,1.35398,1.35413,1.35394,1.35402,1019
2026-09-07T21:00:00+00:00,1.35402,1.35402,1.35306,1.35342,618
2026-09-07T22:00:00+00:00,1.35342,1.35447,1.35342,1.35426,1674
2026-09-07T23:00:00+00:00,1.35426,1.35486,1.35422,1.35466,5522
2026-09-08T00:00:00+00:00,1.35466,1.35489,1.35405,1.35426,14130
2026-09-08T01:00:00+00:00,1.35426,1.35497,1.35407,1.35479,11165
2026-09-08T02:00:00+00:00,1.35479,1.35489,1.35339,1.35344,11535
2026-09-08T03:00:00+00:00,1.35344,1.35404,1.35335,1.35376,6522
2026-09-08T04:00:00+00:00,1.35376,1.35402,1.35355,1.35397,7072
2026-09-08T05:00:00+00:00,1.35397,1.35437,1.35366,1.35435,8986
2026-09-08T06:00:00+00:00,1.35435,1.35527,1.35351,1.35367,16439
2026-09-08T07:00:00+00:00,1.35367,1.35417,1.35262,1.35314,14337
2026-09-08T08:00:00+00:00,1.35314,1.35357,1.35223,1.35254,16219
2026-09-08T09:00:00+00:00,1.35254,1.35341,1.35229,1.35306,13291
2026-09-08T10:00:00+00:00,1.35306,1.35369,1.35216,1.35277,10688
2026-09-08T11:00:00+00:00,1.35277,1.35457,1.35223,1.35444,13451
2026-09-08T12:00:00+00:00,1.35444,1.35554,1.3542,1.35541,15199
2026-09-08T13:00:00+00:00,1.35541,1.35619,1.35475,1.35516,15646
2026-09-08T14:00:00+00:00,1.35516,1.35566,1.35423,1.35528,15084
2026-09-08T15:00:00+00:00,1.35528,1.35546,1.35392,1.35406,12416
2026-09-08T16:00:00+00:00,1.35406,1.35417,1.35305,1.35363,9359
2026-09-08T17:00:00+00:00,1.35363,1.3542,1.35358,1.35417,6184
2026-09-08T18:00:00+00:00,1.35417,1.35506,1.35387,1.35466,10898
2026-09-08T19:00:00+00:00,1.35466,1.35475,1.35377,1.35393,8577
2026-09-08T20:00:00+00:00,1.35393,1.35419,1.35372,1.35394,2752
2026-09-08T21:00:00+00:00,1.35394,1.35394,1.35298,1.35339,751
2026-09-08T22:00:00+00:00,1.35339,1.35423,1.35339,1.35406,1315
2026-09-08T23:00:00+00:00,1.35406,1.35439,1.35398,1.35433,3503
2026-09-09T00:00:00+00:00,1.35433,1.35482,1.35432,1.35482,11432
2026-09-09T01:00:00+00:00,1.35482,1.35484,1.35415,1.3546,10023
2026-09-09T02:00:00+00:00,1.3546,1.3546,1.35448,1.35453,339
